STATION,STATION_NAME,DATE,DLY-PRCP-25PCTL,DLY-SNWD-25PCTL,DLY-SNOW-25PCTL,DLY-PRCP-50PCTL,DLY-SNWD-50PCTL,DLY-SNOW-50PCTL,DLY-PRCP-75PCTL,DLY-SNWD-75PCTL,DLY-SNOW-75PCTL,MTD-PRCP-NORMAL,MTD-SNOW-NORMAL,YTD-PRCP-NORMAL,YTD-SNOW-NORMAL,DLY-PRCP-PCTALL-GE001HI,DLY-PRCP-PCTALL-GE010HI,DLY-PRCP-PCTALL-GE050HI,DLY-PRCP-PCTALL-GE100HI,DLY-SNWD-PCTALL-GE001WI,DLY-SNWD-PCTALL-GE010WI,DLY-SNWD-PCTALL-GE003WI,DLY-SNWD-PCTALL-GE005WI,DLY-SNOW-PCTALL-GE001TI,DLY-SNOW-PCTALL-GE010TI,DLY-SNOW-PCTALL-GE100TI,DLY-SNOW-PCTALL-GE030TI,DLY-SNOW-PCTALL-GE050TI,DLY-TAVG-NORMAL,DLY-DUTR-NORMAL,DLY-TMAX-NORMAL,DLY-TMIN-NORMAL,DLY-TAVG-STDDEV,DLY-DUTR-STDDEV,DLY-TMAX-STDDEV,DLY-TMIN-STDDEV
GHCND:USC00117457,ROMEOVILLE WEATHER FORECAST OFFICE IL US,20100101,0.03,2,0.2,0.09,3,0.6,0.24,7,1.7,0.08,0.3,0.08,0.3,356,174,50,17,444,60,281,167,244,102,3,30,12,23.7,14.6,31.0,16.4,11.6,6.6,11.3,12.7
GHCND:USC00117457,ROMEOVILLE WEATHER FORECAST OFFICE IL US,20100102,0.03,2,0.2,0.09,3,0.6,0.24,7,1.7,0.15,0.7,0.15,0.7,355,173,50,17,451,60,287,170,243,102,3,31,12,23.6,14.6,30.9,16.3,11.6,6.6,11.3,12.7
GHCND:USC00117457,ROMEOVILLE WEATHER FORECAST OFFICE IL US,20100103,0.03,2,0.2,0.09,3,0.6,0.24,7,1.7,0.22,1.0,0.22,1.0,354,173,50,17,458,61,293,173,243,103,3,31,12,23.5,14.6,30.8,16.2,11.5,6.6,11.3,12.7
GHCND:USC00117457,ROMEOVILLE WEATHER FORECAST OFFICE IL US,20100104,0.03,2,0.2,0.09,3,0.6,0.24,7,1.8,0.30,1.4,0.30,1.4,352,172,50,16,466,60,299,177,242,104,3,31,12,23.4,14.6,30.7,16.1,11.5,6.5,11.2,12.7
GHCND:USC00117457,ROMEOVILLE WEATHER FORECAST OFFICE IL US,20100105,0.03,2,0.2,0.09,3,0.7,0.24,7,1.8,0.37,1.7,0.37,1.7,350,172,49,16,473,60,305,180,242,105,2,31,13,23.3,14.6,30.6,16.0,11.5,6.5,11.2,12.7
GHCND:USC00117457,ROMEOVILLE WEATHER FORECAST OFFICE IL US,20100106,0.03,2,0.2,0.09,3,0.7,0.24,7,1.8,0.44,2.1,0.44,2.1,348,171,49,15,480,60,311,182,241,106,2,31,13,23.3,14.6,30.6,15.9,11.5,6.5,11.2,12.7
GHCND:USC00117457,ROMEOVILLE WEATHER FORECAST OFFICE IL US,20100107,0.03,2,0.2,0.09,3,0.7,0.24,7,1.8,0.51,2.4,0.51,2.4,346,170,48,15,487,59,318,185,240,107,2,32,13,23.2,14.6,30.5,15.9,11.5,6.5,11.2,12.6
GHCND:USC00117457,ROMEOVILLE WEATHER FORECAST OFFICE IL US,20100108,0.03,2,0.2,0.09,3,0.7,0.24,7,1.8,0.58,2.8,0.58,2.8,343,169,47,15,495,59,324,187,240,107,2,31,13,23.1,14.6,30.4,15.8,11.5,6.5,11.2,12.6
GHCND:USC00117457,ROMEOVILLE WEATHER FORECAST OFFICE IL US,20100109,0.03,2,0.2,0.09,3,0.7,0.24,7,1.8,0.65,3.2,0.65,3.2,341,168,47,14,502,58,329,190,239,108,2,32,13,23.1,14.6,30.4,15.8,11.5,6.5,11.2,12.6
GHCND:USC00117457,ROMEOVILLE WEATHER FORECAST OFFICE IL US,20100110,0.03,2,0.2,0.09,3,0.7,0.24,7,1.8,0.72,3.5,0.72,3.5,338,168,46,14,509,57,335,191,239,108,2,32,13,23.0,14.6,30.3,15.7,11.4,6.5,11.1,12.6
GHCND:USC00117457,ROMEOVILLE WEATHER FORECAST OFFICE IL US,20100111,0.03,2,0.2,0.10,3,0.7,0.24,7,1.8,0.79,3.9,0.79,3.9,336,167,46,13,515,56,340,192,238,109,2,32,13,23.0,14.7,30.3,15.7,11.4,6.5,11.1,12.5
GHCND:USC00117457,ROMEOVILLE WEATHER FORECAST OFFICE IL US,20100112,0.03,2,0.2,0.10,3,0.7,0.24,6,1.9,0.86,4.2,0.86,4.2,333,166,45,13,521,54,345,193,238,109,2,32,13,22.9,14.7,30.3,15.6,11.3,6.5,11.0,12.5
GHCND:USC00117457,ROMEOVILLE WEATHER FORECAST OFFICE IL US,20100113,0.03,2,0.2,0.10,3,0.7,0.25,6,1.8,0.93,4.6,0.93,4.6,331,165,45,12,526,53,349,193,238,110,2,32,13,22.9,14.7,30.3,15.6,11.3,6.5,11.0,12.5
GHCND:USC00117457,ROMEOVILLE WEATHER FORECAST OFFICE IL US,20100114,0.03,2,0.2,0.10,3,0.7,0.24,6,1.8,0.99,4.9,0.99,4.9,329,164,44,12,532,51,353,192,238,110,2,32,13,22.9,14.7,30.3,15.5,11.3,6.5,11.0,12.4
GHCND:USC00117457,ROMEOVILLE WEATHER FORECAST OFFICE IL US,20100115,0.03,2,0.2,0.10,3,0.7,0.24,6,1.8,1.06,5.3,1.06,5.3,327,163,43,11,537,49,358,192,238,110,1,32,13,22.9,14.7,30.3,15.5,11.2,6.5,10.9,12.4
GHCND:USC00117457,ROMEOVILLE WEATHER FORECAST OFFICE IL US,20100116,0.03,2,0.2,0.10,3,0.8,0.24,6,1.8,1.13,5.6,1.13,5.6,325,162,42,11,541,47,361,191,238,110,1,32,13,22.9,14.7,30.3,15.5,11.2,6.5,10.9,12.4
GHCND:USC00117457,ROMEOVILLE WEATHER FORECAST OFFICE IL US,20100117,0.03,2,0.2,0.10,3,0.8,0.24,6,1.8,1.19,6.0,1.19,6.0,323,161,42,10,546,44,365,189,238,111,1,32,13,22.9,14.8,30.3,15.5,11.2,6.5,10.9,12.4
GHCND:USC00117457,ROMEOVILLE WEATHER FORECAST OFFICE IL US,20100118,0.03,2,0.2,0.10,3,0.8,0.24,6,1.8,1.25,6.4,1.25,6.4,321,161,41,10,550,42,368,188,238,111,1,32,13,22.9,14.8,30.3,15.5,11.1,6.5,10.8,12.3
GHCND:USC00117457,ROMEOVILLE WEATHER FORECAST OFFICE IL US,20100119,0.03,2,0.2,0.10,3,0.8,0.24,6,1.8,1.31,6.7,1.31,6.7,319,160,41,10,553,39,370,186,237,111,1,32,13,22.9,14.8,30.3,15.5,11.1,6.6,10.8,12.3
GHCND:USC00117457,ROMEOVILLE WEATHER FORECAST OFFICE IL US,20100120,0.03,2,0.2,0.10,3,0.8,0.24,6,1.8,1.36,7.1,1.36,7.1,317,160,40,9,556,37,373,184,237,111,1,32,13,22.9,14.8,30.4,15.5,11.0,6.6,10.8,12.2
GHCND:USC00117457,ROMEOVILLE WEATHER FORECAST OFFICE IL US,20100121,0.03,2,0.2,0.10,3,0.8,0.24,6,1.8,1.42,7.4,1.42,7.4,316,160,40,9,558,35,374,183,236,111,1,32,13,23.0,14.9,30.4,15.5,11.0,6.6,10.7,12.2
GHCND:USC00117457,ROMEOVILLE WEATHER FORECAST OFFICE IL US,20100122,0.03,2,0.2,0.10,3,0.8,0.24,5,1.8,1.47,7.8,1.47,7.8,313,159,39,8,559,33,375,180,235,110,1,31,13,23.0,14.9,30.5,15.6,11.0,6.6,10.7,12.1
GHCND:USC00117457,ROMEOVILLE WEATHER FORECAST OFFICE IL US,20100123,0.03,2,0.2,0.10,3,0.8,0.24,5,1.8,1.52,8.1,1.52,8.1,311,158,39,8,559,31,375,178,234,108,1,31,13,23.1,14.9,30.5,15.6,10.9,6.6,10.7,12.1
GHCND:USC00117457,ROMEOVILLE WEATHER FORECAST OFFICE IL US,20100124,0.03,2,0.2,0.10,3,0.8,0.24,5,1.8,1.57,8.4,1.57,8.4,309,157,39,7,558,29,375,175,233,107,1,30,13,23.1,15.0,30.6,15.7,10.8,6.7,10.6,12.0
GHCND:USC00117457,ROMEOVILLE WEATHER FORECAST OFFICE IL US,20100125,0.03,2,0.2,0.10,3,0.8,0.24,5,1.8,1.62,8.8,1.62,8.8,308,156,38,7,556,27,373,172,233,106,1,30,13,23.2,15.0,30.7,15.7,10.8,6.7,10.6,12.0
GHCND:USC00117457,ROMEOVILLE WEATHER FORECAST OFFICE IL US,20100126,0.03,2,0.2,0.10,3,0.8,0.24,5,1.8,1.67,9.1,1.67,9.1,306,155,38,6,553,25,371,170,232,105,0,29,13,23.3,15.0,30.8,15.8,10.8,6.7,10.7,11.9
GHCND:USC00117457,ROMEOVILLE WEATHER FORECAST OFFICE IL US,20100127,0.03,2,0.2,0.10,3,0.8,0.24,5,1.8,1.72,9.5,1.72,9.5,305,155,37,6,549,23,368,167,231,103,0,29,13,23.4,15.0,30.9,15.9,10.8,6.7,10.7,11.9
GHCND:USC00117457,ROMEOVILLE WEATHER FORECAST OFFICE IL US,20100128,0.03,2,0.2,0.10,3,0.7,0.24,5,1.7,1.78,9.8,1.78,9.8,304,155,37,5,544,21,365,163,230,102,0,29,13,23.5,15.1,31.0,16.0,10.8,6.7,10.7,11.9
GHCND:USC00117457,ROMEOVILLE WEATHER FORECAST OFFICE IL US,20100129,0.03,2,0.2,0.10,3,0.7,0.24,5,1.7,1.83,10.1,1.83,10.1,304,154,37,5,538,19,361,159,229,100,0,29,13,23.6,15.1,31.2,16.1,10.8,6.7,10.7,11.8
GHCND:USC00117457,ROMEOVILLE WEATHER FORECAST OFFICE IL US,20100130,0.03,2,0.2,0.10,3,0.7,0.25,5,1.7,1.88,10.5,1.88,10.5,302,154,36,5,532,17,357,155,228,98,0,28,13,23.7,15.1,31.3,16.2,10.8,6.8,10.7,11.8
GHCND:USC00117457,ROMEOVILLE WEATHER FORECAST OFFICE IL US,20100131,0.03,2,0.2,0.10,3,0.7,0.25,5,1.7,1.93,10.8,1.93,10.8,301,153,36,5,524,16,352,151,226,96,0,28,13,23.9,15.2,31.5,16.3,10.8,6.8,10.7,11.8
GHCND:USC00117457,ROMEOVILLE WEATHER FORECAST OFFICE IL US,20100201,0.03,2,0.2,0.10,3,0.7,0.25,5,1.7,0.05,0.3,1.98,11.1,300,152,35,5,516,14,347,146,224,94,0,28,13,24.0,15.2,31.6,16.4,10.8,6.8,10.8,11.8
GHCND:USC00117457,ROMEOVILLE WEATHER FORECAST OFFICE IL US,20100202,0.03,2,0.2,0.10,3,0.7,0.25,5,1.7,0.11,0.6,2.04,11.4,300,152,35,5,507,13,341,141,223,92,0,27,12,24.2,15.2,31.8,16.6,10.8,6.8,10.8,11.8
GHCND:USC00117457,ROMEOVILLE WEATHER FORECAST OFFICE IL US,20100203,0.03,2,0.2,0.10,3,0.7,0.25,5,1.6,0.17,0.8,2.10,11.6,299,151,35,5,497,11,334,136,221,90,0,27,12,24.4,15.3,32.0,16.7,10.8,6.8,10.8,11.7
GHCND:USC00117457,ROMEOVILLE WEATHER FORECAST OFFICE IL US,20100204,0.03,2,0.2,0.10,3,0.6,0.25,5,1.6,0.22,1.1,2.15,11.9,299,151,35,5,488,10,327,131,220,88,0,27,12,24.6,15.3,32.2,16.9,10.7,6.8,10.8,11.7
GHCND:USC00117457,ROMEOVILLE WEATHER FORECAST OFFICE IL US,20100205,0.03,2,0.2,0.10,3,0.6,0.25,5,1.6,0.28,1.4,2.21,12.2,300,150,35,5,478,9,320,126,219,86,0,27,12,24.8,15.4,32.4,17.1,10.7,6.8,10.8,11.6
GHCND:USC00117457,ROMEOVILLE WEATHER FORECAST OFFICE IL US,20100206,0.03,2,0.2,0.10,3,0.6,0.26,5,1.6,0.33,1.6,2.26,12.4,300,150,36,5,467,8,312,121,217,85,0,27,12,25.0,15.4,32.7,17.3,10.7,6.8,10.8,11.6
GHCND:USC00117457,ROMEOVILLE WEATHER FORECAST OFFICE IL US,20100207,0.03,2,0.2,0.10,3,0.6,0.26,5,1.5,0.38,1.8,2.31,12.6,300,150,36,6,457,6,304,116,215,83,0,27,12,25.2,15.4,32.9,17.5,10.6,6.8,10.8,11.5
GHCND:USC00117457,ROMEOVILLE WEATHER FORECAST OFFICE IL US,20100208,0.02,2,0.2,0.10,3,0.6,0.26,5,1.5,0.43,2.1,2.36,12.9,301,150,37,6,446,5,296,111,213,81,0,27,12,25.4,15.5,33.2,17.7,10.6,6.8,10.8,11.5
GHCND:USC00117457,ROMEOVILLE WEATHER FORECAST OFFICE IL US,20100209,0.02,2,0.2,0.10,3,0.6,0.26,4,1.6,0.49,2.3,2.42,13.1,302,151,37,7,435,5,288,106,210,80,0,27,12,25.7,15.5,33.5,17.9,10.6,6.8,10.7,11.4
GHCND:USC00117457,ROMEOVILLE WEATHER FORECAST OFFICE IL US,20100210,0.02,2,0.2,0.10,3,0.6,0.27,4,1.5,0.55,2.5,2.48,13.3,303,151,38,7,423,4,280,102,208,79,0,27,12,26.0,15.6,33.7,18.2,10.5,6.8,10.7,11.3
GHCND:USC00117457,ROMEOVILLE WEATHER FORECAST OFFICE IL US,20100211,0.02,2,0.2,0.10,3,0.6,0.27,4,1.5,0.61,2.8,2.54,13.6,305,152,39,8,412,3,272,98,205,78,0,27,12,26.2,15.6,34.0,18.4,10.5,6.8,10.7,11.3
GHCND:USC00117457,ROMEOVILLE WEATHER FORECAST OFFICE IL US,20100212,0.02,2,0.2,0.10,3,0.6,0.27,4,1.6,0.67,3.0,2.60,13.8,305,152,40,9,401,2,264,94,203,76,0,27,12,26.5,15.6,34.3,18.7,10.4,6.8,10.7,11.2
GHCND:USC00117457,ROMEOVILLE WEATHER FORECAST OFFICE IL US,20100213,0.02,2,0.2,0.10,3,0.6,0.28,4,1.6,0.73,3.2,2.66,14.0,307,153,41,9,389,2,256,91,200,75,0,27,12,26.8,15.7,34.7,19.0,10.4,6.8,10.7,11.1
GHCND:USC00117457,ROMEOVILLE WEATHER FORECAST OFFICE IL US,20100214,0.02,2,0.2,0.10,3,0.6,0.28,4,1.6,0.79,3.5,2.72,14.3,308,154,42,9,378,2,247,88,197,74,0,27,12,27.1,15.7,35.0,19.3,10.3,6.8,10.7,11.0
GHCND:USC00117457,ROMEOVILLE WEATHER FORECAST OFFICE IL US,20100215,0.02,2,0.2,0.10,3,0.6,0.28,4,1.6,0.84,3.7,2.77,14.5,310,155,42,10,366,2,239,84,193,72,0,27,12,27.4,15.8,35.3,19.6,10.3,6.8,10.8,10.9
GHCND:USC00117457,ROMEOVILLE WEATHER FORECAST OFFICE IL US,20100216,0.02,2,0.2,0.10,3,0.6,0.28,4,1.6,0.90,3.9,2.83,14.7,311,155,43,10,355,1,230,81,190,71,0,27,11,27.8,15.8,35.7,19.9,10.3,6.8,10.8,10.8
GHCND:USC00117457,ROMEOVILLE WEATHER FORECAST OFFICE IL US,20100217,0.02,2,0.2,0.09,3,0.6,0.29,4,1.6,0.97,4.1,2.90,14.9,313,155,44,11,344,1,221,77,188,69,0,27,11,28.1,15.9,36.0,20.2,10.3,6.8,10.8,10.8
GHCND:USC00117457,ROMEOVILLE WEATHER FORECAST OFFICE IL US,20100218,0.02,2,0.2,0.09,3,0.6,0.29,4,1.7,1.03,4.3,2.96,15.1,315,156,45,11,332,1,212,74,185,68,0,27,11,28.5,15.9,36.4,20.5,10.2,6.8,10.9,10.7
GHCND:USC00117457,ROMEOVILLE WEATHER FORECAST OFFICE IL US,20100219,0.02,2,0.2,0.09,3,0.6,0.29,4,1.7,1.09,4.5,3.02,15.3,317,156,45,12,321,1,204,71,183,67,0,27,11,28.8,16.0,36.8,20.8,10.2,6.8,10.9,10.6
GHCND:USC00117457,ROMEOVILLE WEATHER FORECAST OFFICE IL US,20100220,0.02,2,0.2,0.09,3,0.6,0.29,4,1.7,1.16,4.7,3.09,15.5,320,157,46,13,309,1,195,68,181,67,0,27,11,29.2,16.0,37.2,21.2,10.2,6.9,10.9,10.5
GHCND:USC00117457,ROMEOVILLE WEATHER FORECAST OFFICE IL US,20100221,0.02,2,0.2,0.09,3,0.6,0.29,4,1.7,1.22,4.9,3.15,15.7,322,158,47,13,299,1,187,65,179,66,0,27,10,29.5,16.1,37.6,21.5,10.2,6.9,11.0,10.4
GHCND:USC00117457,ROMEOVILLE WEATHER FORECAST OFFICE IL US,20100222,0.02,2,0.2,0.09,3,0.6,0.29,4,1.7,1.30,5.1,3.23,15.9,325,159,47,14,288,1,180,62,177,66,0,27,10,29.9,16.2,38.0,21.8,10.1,6.9,11.0,10.4
GHCND:USC00117457,ROMEOVILLE WEATHER FORECAST OFFICE IL US,20100223,0.02,2,0.2,0.09,3,0.6,0.29,4,1.7,1.38,5.3,3.31,16.1,327,160,48,14,279,1,173,60,174,65,0,27,10,30.3,16.2,38.4,22.2,10.1,6.9,11.1,10.3
GHCND:USC00117457,ROMEOVILLE WEATHER FORECAST OFFICE IL US,20100224,0.02,2,0.2,0.09,3,0.6,0.29,4,1.7,1.46,5.6,3.39,16.4,329,161,49,15,269,1,166,58,171,64,0,28,10,30.7,16.3,38.8,22.5,10.1,7.0,11.1,10.2
GHCND:USC00117457,ROMEOVILLE WEATHER FORECAST OFFICE IL US,20100225,0.02,2,0.2,0.09,3,0.6,0.29,4,1.7,1.54,5.8,3.47,16.6,332,162,50,16,260,1,159,56,169,64,0,28,9,31.1,16.4,39.2,22.9,10.1,7.0,11.2,10.1
GHCND:USC00117457,ROMEOVILLE WEATHER FORECAST OFFICE IL US,20100226,0.02,2,0.2,0.09,3,0.6,0.29,4,1.7,1.62,6.0,3.55,16.8,334,163,51,16,252,1,153,54,166,63,0,27,9,31.5,16.4,39.7,23.3,10.1,7.1,11.2,10.0
GHCND:USC00117457,ROMEOVILLE WEATHER FORECAST OFFICE IL US,20100227,0.02,2,0.2,0.09,3,0.6,0.29,4,1.7,1.70,6.2,3.63,17.0,336,164,51,16,243,0,147,52,163,62,0,27,9,31.9,16.5,40.1,23.6,10.0,7.1,11.2,9.9
GHCND:USC00117457,ROMEOVILLE WEATHER FORECAST OFFICE IL US,20100228,0.02,2,0.2,0.09,3,0.6,0.29,4,1.7,1.78,6.4,3.71,17.2,338,165,52,17,235,0,140,50,161,61,0,27,8,32.3,16.6,40.6,24.0,10.0,7.1,11.3,9.8
GHCND:USC00117457,ROMEOVILLE WEATHER FORECAST OFFICE IL US,20100301,0.02,2,0.2,0.09,3,0.6,0.29,4,1.7,0.09,0.2,3.80,17.4,342,168,54,17,218,0,128,48,156,60,0,26,8,32.7,16.7,41.0,24.3,9.9,7.2,11.3,9.8
GHCND:USC00117457,ROMEOVILLE WEATHER FORECAST OFFICE IL US,20100302,0.02,2,0.2,0.09,3,0.6,0.29,4,1.7,0.17,0.5,3.88,17.7,344,170,54,18,210,0,123,47,153,59,0,26,8,33.1,16.7,41.4,24.7,9.9,7.2,11.3,9.7
GHCND:USC00117457,ROMEOVILLE WEATHER FORECAST OFFICE IL US,20100303,0.02,2,0.2,0.09,3,0.6,0.29,4,1.7,0.26,0.7,3.97,17.9,346,171,56,18,202,0,118,46,150,58,0,26,8,33.5,16.8,41.9,25.1,9.9,7.2,11.3,9.6
GHCND:USC00117457,ROMEOVILLE WEATHER FORECAST OFFICE IL US,20100304,0.02,2,0.2,0.10,3,0.6,0.30,4,1.7,0.35,0.9,4.06,18.1,348,173,57,18,195,0,113,45,147,57,0,26,7,33.9,16.9,42.4,25.4,9.8,7.2,11.3,9.5
GHCND:USC00117457,ROMEOVILLE WEATHER FORECAST OFFICE IL US,20100305,0.02,2,0.2,0.10,3,0.6,0.30,4,1.7,0.43,1.2,4.14,18.4,350,175,57,18,187,0,108,44,143,56,0,25,7,34.3,17.0,42.8,25.8,9.8,7.3,11.3,9.4
GHCND:USC00117457,ROMEOVILLE WEATHER FORECAST OFFICE IL US,20100306,0.02,1,0.2,0.10,3,0.6,0.30,4,1.7,0.52,1.4,4.23,18.6,352,177,58,18,180,0,103,43,139,54,0,24,7,34.7,17.1,43.3,26.1,9.8,7.3,11.4,9.4
GHCND:USC00117457,ROMEOVILLE WEATHER FORECAST OFFICE IL US,20100307,0.03,1,0.2,0.10,3,0.6,0.30,4,1.8,0.60,1.6,4.31,18.8,353,179,59,18,172,0,98,42,136,53,0,24,6,35.1,17.2,43.7,26.5,9.7,7.3,11.4,9.3
GHCND:USC00117457,ROMEOVILLE WEATHER FORECAST OFFICE IL US,20100308,0.03,1,0.2,0.10,3,0.6,0.30,4,1.8,0.69,1.8,4.40,19.0,355,181,59,18,164,0,93,41,132,52,0,23,6,35.5,17.3,44.2,26.9,9.7,7.3,11.4,9.3
GHCND:USC00117457,ROMEOVILLE WEATHER FORECAST OFFICE IL US,20100309,0.03,1,0.2,0.10,3,0.6,0.30,4,1.7,0.78,2.0,4.49,19.2,355,183,60,18,157,0,88,40,128,50,0,22,6,35.9,17.4,44.6,27.2,9.7,7.4,11.4,9.2
GHCND:USC00117457,ROMEOVILLE WEATHER FORECAST OFFICE IL US,20100310,0.03,1,0.2,0.10,3,0.6,0.30,4,1.7,0.87,2.2,4.58,19.4,356,184,60,18,150,0,83,39,125,48,0,21,5,36.3,17.5,45.1,27.6,9.7,7.4,11.4,9.2
GHCND:USC00117457,ROMEOVILLE WEATHER FORECAST OFFICE IL US,20100311,0.03,1,0.2,0.11,3,0.7,0.30,5,1.7,0.95,2.4,4.66,19.6,356,185,60,18,142,0,78,37,121,47,0,20,5,36.7,17.6,45.6,27.9,9.7,7.4,11.5,9.1
GHCND:USC00117457,ROMEOVILLE WEATHER FORECAST OFFICE IL US,20100312,0.03,1,0.2,0.11,3,0.7,0.30,5,1.7,1.04,2.5,4.75,19.7,356,187,60,17,135,0,73,35,117,45,0,19,5,37.1,17.8,46.0,28.3,9.7,7.4,11.5,9.1
GHCND:USC00117457,ROMEOVILLE WEATHER FORECAST OFFICE IL US,20100313,0.03,1,0.2,0.11,3,0.7,0.30,5,1.7,1.12,2.7,4.83,19.9,357,188,61,17,128,0,68,33,114,44,0,18,4,37.5,17.9,46.5,28.6,9.7,7.4,11.5,9.1
GHCND:USC00117457,ROMEOVILLE WEATHER FORECAST OFFICE IL US,20100314,0.03,1,0.2,0.11,3,0.7,0.31,5,1.7,1.21,2.9,4.92,20.1,357,190,61,17,120,0,63,31,110,42,0,17,4,37.9,18.0,46.9,28.9,9.7,7.4,11.5,9.1
GHCND:USC00117457,ROMEOVILLE WEATHER FORECAST OFFICE IL US,20100315,0.03,1,0.2,0.11,3,0.7,0.31,5,1.6,1.30,3.0,5.01,20.2,357,191,61,17,113,0,59,29,107,41,0,16,4,38.3,18.1,47.4,29.3,9.7,7.4,11.5,9.1
GHCND:USC00117457,ROMEOVILLE WEATHER FORECAST OFFICE IL US,20100316,0.03,1,0.2,0.11,3,0.7,0.31,5,1.6,1.38,3.2,5.09,20.4,357,193,62,17,106,0,55,28,104,40,0,15,4,38.7,18.2,47.8,29.6,9.6,7.4,11.5,9.0
GHCND:USC00117457,ROMEOVILLE WEATHER FORECAST OFFICE IL US,20100317,0.03,-666,-66.6,0.12,-666,-66.6,0.31,-666,-66.6,1.48,3.3,5.19,20.5,357,195,62,17,99,0,51,26,101,39,0,14,3,39.1,18.4,48.3,29.9,9.6,7.4,11.5,9.0
GHCND:USC00117457,ROMEOVILLE WEATHER FORECAST OFFICE IL US,20100318,0.03,-666,-66.6,0.12,-666,-66.6,0.32,-666,-66.6,1.57,3.5,5.28,20.7,357,196,62,17,92,0,47,24,97,37,0,13,3,39.5,18.5,48.8,30.3,9.6,7.4,11.5,9.0
GHCND:USC00117457,ROMEOVILLE WEATHER FORECAST OFFICE IL US,20100319,0.03,-666,-66.6,0.12,-666,-66.6,0.32,-666,-66.6,1.66,3.6,5.37,20.8,357,198,63,17,85,0,44,23,93,35,0,12,3,39.9,18.6,49.2,30.6,9.6,7.4,11.4,8.9
GHCND:USC00117457,ROMEOVILLE WEATHER FORECAST OFFICE IL US,20100320,0.03,-666,-66.6,0.12,-666,-66.6,0.33,-666,-66.6,1.75,3.7,5.46,20.9,357,199,63,17,79,0,41,22,89,34,0,11,3,40.3,18.8,49.7,30.9,9.5,7.4,11.4,8.9
GHCND:USC00117457,ROMEOVILLE WEATHER FORECAST OFFICE IL US,20100321,0.04,-666,-66.6,0.13,-666,-66.6,0.33,-666,-66.6,1.85,3.8,5.56,21.0,356,200,64,17,73,0,38,20,86,32,0,10,2,40.7,18.9,50.1,31.2,9.5,7.4,11.4,8.8
GHCND:USC00117457,ROMEOVILLE WEATHER FORECAST OFFICE IL US,20100322,0.04,-666,-66.6,0.13,-666,-66.6,0.34,-666,-66.6,1.95,3.9,5.66,21.1,356,201,65,17,68,0,35,19,82,31,0,9,2,41.0,19.0,50.5,31.5,9.4,7.4,11.4,8.8
GHCND:USC00117457,ROMEOVILLE WEATHER FORECAST OFFICE IL US,20100323,0.04,-666,-66.6,0.13,-666,-66.6,0.34,-666,-66.6,2.03,4.0,5.74,21.2,357,202,66,18,62,0,32,17,79,29,0,8,2,41.4,19.1,51.0,31.9,9.4,7.4,11.3,8.7
GHCND:USC00117457,ROMEOVILLE WEATHER FORECAST OFFICE IL US,20100324,0.04,-666,-66.6,0.13,-666,-66.6,0.35,-666,-66.6,2.12,4.0,5.83,21.2,358,204,66,18,57,0,29,16,75,28,0,7,2,41.8,19.3,51.4,32.2,9.4,7.4,11.3,8.7
GHCND:USC00117457,ROMEOVILLE WEATHER FORECAST OFFICE IL US,20100325,0.04,-666,-66.6,0.13,-666,-66.6,0.35,-666,-66.6,2.21,4.1,5.92,21.3,358,205,67,18,52,0,26,15,72,27,0,6,2,42.2,19.4,51.9,32.5,9.3,7.4,11.3,8.6
GHCND:USC00117457,ROMEOVILLE WEATHER FORECAST OFFICE IL US,20100326,0.04,-666,-66.6,0.13,-666,-66.6,0.36,-666,-66.6,2.30,4.1,6.01,21.3,358,206,68,19,47,0,24,13,69,25,0,6,2,42.6,19.5,52.3,32.8,9.3,7.4,11.3,8.6
GHCND:USC00117457,ROMEOVILLE WEATHER FORECAST OFFICE IL US,20100327,0.04,-666,-66.6,0.14,-666,-66.6,0.36,-666,-66.6,2.39,4.2,6.10,21.4,359,208,69,19,43,0,21,12,65,24,0,5,1,42.9,19.6,52.8,33.1,9.3,7.4,11.3,8.6
GHCND:USC00117457,ROMEOVILLE WEATHER FORECAST OFFICE IL US,20100328,0.04,-666,-66.6,0.14,-666,-66.6,0.37,-666,-66.6,2.48,4.2,6.19,21.4,360,210,70,20,38,0,19,11,62,23,0,4,1,43.3,19.8,53.2,33.4,9.3,7.4,11.3,8.6
GHCND:USC00117457,ROMEOVILLE WEATHER FORECAST OFFICE IL US,20100329,0.04,-666,-66.6,0.14,-666,-66.6,0.38,-666,-66.6,2.58,4.3,6.29,21.5,360,211,71,21,34,0,17,10,58,22,0,4,1,43.7,19.9,53.6,33.7,9.3,7.5,11.3,8.6
GHCND:USC00117457,ROMEOVILLE WEATHER FORECAST OFFICE IL US,20100330,0.04,-666,-66.6,0.14,-666,-66.6,0.39,-666,-66.6,2.67,4.4,6.38,21.6,361,213,72,21,31,0,15,8,55,21,0,3,1,44.1,20.0,54.1,34.1,9.3,7.5,11.3,8.6
GHCND:USC00117457,ROMEOVILLE WEATHER FORECAST OFFICE IL US,20100331,0.04,-666,-66.6,0.15,-666,-66.6,0.39,-666,-66.6,2.77,4.4,6.48,21.6,362,214,73,22,27,0,13,7,52,20,0,3,1,44.4,20.1,54.5,34.4,9.4,7.5,11.3,8.6
GHCND:USC00117457,ROMEOVILLE WEATHER FORECAST OFFICE IL US,20100401,0.04,-666,-66.6,0.15,-666,-66.6,0.39,-666,-66.6,0.10,0.0,6.58,21.6,362,216,74,23,24,0,11,-9999,49,19,0,-9999,-9999,44.8,20.2,54.9,34.7,9.4,7.5,11.4,8.6
GHCND:USC00117457,ROMEOVILLE WEATHER FORECAST OFFICE IL US,20100402,0.04,-666,-66.6,0.15,-666,-66.6,0.40,-666,-66.6,0.20,0.1,6.68,21.7,363,217,74,24,21,0,10,-9999,46,18,0,-9999,0,45.2,20.3,55.3,35.0,9.4,7.5,11.4,8.6
GHCND:USC00117457,ROMEOVILLE WEATHER FORECAST OFFICE IL US,20100403,0.04,-666,-66.6,0.15,-666,-66.6,0.40,-666,-66.6,0.31,0.1,6.79,21.7,364,218,75,25,18,0,8,-9999,44,17,0,-9999,0,45.6,20.4,55.8,35.3,9.4,7.5,11.4,8.6
GHCND:USC00117457,ROMEOVILLE WEATHER FORECAST OFFICE IL US,20100404,0.04,-666,-66.6,0.15,-666,-66.6,0.41,-666,-66.6,0.41,0.1,6.89,21.7,365,220,76,26,16,0,7,-9999,42,17,0,-9999,0,45.9,20.5,56.2,35.7,9.4,7.6,11.4,8.6
GHCND:USC00117457,ROMEOVILLE WEATHER FORECAST OFFICE IL US,20100405,0.04,-666,-66.6,0.15,-666,-66.6,0.41,-666,-66.6,0.52,0.2,7.00,21.8,365,220,77,27,14,0,6,-9999,40,16,0,0,0,46.3,20.6,56.6,36.0,9.4,7.6,11.4,8.6
GHCND:USC00117457,ROMEOVILLE WEATHER FORECAST OFFICE IL US,20100406,0.04,-666,-66.6,0.15,-666,-66.6,0.42,-666,-66.6,0.63,0.2,7.11,21.8,366,221,78,27,12,0,5,-9999,38,15,0,0,0,46.7,20.7,57.0,36.3,9.3,7.6,11.4,8.6
GHCND:USC00117457,ROMEOVILLE WEATHER FORECAST OFFICE IL US,20100407,0.04,-666,-66.6,0.16,-666,-66.6,0.42,-666,-66.6,0.75,0.2,7.23,21.8,367,222,79,28,10,0,4,-9999,36,15,0,0,0,47.1,20.8,57.5,36.6,9.3,7.6,11.4,8.5
GHCND:USC00117457,ROMEOVILLE WEATHER FORECAST OFFICE IL US,20100408,0.04,-666,-66.6,0.16,-666,-66.6,0.43,-666,-66.6,0.87,0.3,7.35,21.9,368,222,80,29,8,0,3,0,33,14,0,0,0,47.4,20.9,57.9,37.0,9.3,7.7,11.4,8.5
GHCND:USC00117457,ROMEOVILLE WEATHER FORECAST OFFICE IL US,20100409,0.04,-666,-66.6,0.16,-666,-66.6,0.43,-666,-66.6,1.00,0.3,7.48,21.9,369,223,81,30,7,0,3,0,31,14,0,0,0,47.8,21.0,58.3,37.3,9.2,7.7,11.4,8.4
GHCND:USC00117457,ROMEOVILLE WEATHER FORECAST OFFICE IL US,20100410,0.04,-666,-66.6,0.16,-666,-66.6,0.43,-666,-66.6,1.12,0.3,7.60,21.9,371,224,82,31,5,0,2,0,30,13,0,0,0,48.2,21.1,58.7,37.7,9.2,7.7,11.4,8.3
GHCND:USC00117457,ROMEOVILLE WEATHER FORECAST OFFICE IL US,20100411,0.04,-666,-66.6,0.16,-666,-66.6,0.44,-666,-66.6,1.26,0.3,7.74,21.9,372,225,83,32,4,0,2,0,28,12,0,0,0,48.6,21.1,59.1,38.0,9.1,7.7,11.3,8.2
GHCND:USC00117457,ROMEOVILLE WEATHER FORECAST OFFICE IL US,20100412,0.04,-666,-66.6,0.16,-666,-66.6,0.44,-666,-66.6,1.39,0.4,7.87,22.0,374,226,84,33,4,0,2,0,26,11,0,0,0,48.9,21.2,59.5,38.3,9.0,7.7,11.3,8.2
GHCND:USC00117457,ROMEOVILLE WEATHER FORECAST OFFICE IL US,20100413,0.04,-666,-66.6,0.16,-666,-66.6,0.45,-666,-66.6,1.53,0.4,8.01,22.0,376,228,86,34,3,0,2,0,24,11,0,0,0,49.3,21.2,59.9,38.7,9.0,7.8,11.2,8.1
GHCND:USC00117457,ROMEOVILLE WEATHER FORECAST OFFICE IL US,20100414,0.04,-666,-66.6,0.16,-666,-66.6,0.45,-666,-66.6,1.66,0.4,8.14,22.0,378,229,87,35,3,0,2,0,22,10,0,0,0,49.7,21.3,60.3,39.0,8.9,7.8,11.1,8.0
GHCND:USC00117457,ROMEOVILLE WEATHER FORECAST OFFICE IL US,20100415,0.04,-666,-66.6,0.16,-666,-66.6,0.46,-666,-66.6,1.79,0.4,8.27,22.0,381,232,89,36,2,0,2,0,20,9,0,0,0,50.1,21.4,60.7,39.4,8.8,7.8,11.0,7.9
GHCND:USC00117457,ROMEOVILLE WEATHER FORECAST OFFICE IL US,20100416,0.04,-666,-66.6,0.16,-666,-66.6,0.46,-666,-66.6,1.93,0.4,8.41,22.0,384,234,90,37,2,0,2,0,19,9,0,0,0,50.4,21.4,61.1,39.7,8.7,7.8,10.9,7.9
GHCND:USC00117457,ROMEOVILLE WEATHER FORECAST OFFICE IL US,20100417,0.04,-666,-66.6,0.16,-666,-66.6,0.46,-666,-66.6,2.07,0.4,8.55,22.0,387,236,91,38,2,0,2,0,17,8,0,0,0,50.8,21.4,61.5,40.1,8.6,7.8,10.9,7.8
GHCND:USC00117457,ROMEOVILLE WEATHER FORECAST OFFICE IL US,20100418,0.04,-666,-66.6,0.17,-666,-66.6,0.47,-666,-66.6,2.21,0.5,8.69,22.1,390,239,93,38,2,0,1,0,16,7,0,0,0,51.2,21.5,61.9,40.4,8.5,7.7,10.8,7.7
GHCND:USC00117457,ROMEOVILLE WEATHER FORECAST OFFICE IL US,20100419,0.04,-666,-66.6,0.17,-666,-66.6,0.47,-666,-66.6,2.35,0.5,8.83,22.1,394,242,94,39,2,0,1,0,14,7,0,0,0,51.5,21.5,62.3,40.8,8.5,7.7,10.7,7.7
GHCND:USC00117457,ROMEOVILLE WEATHER FORECAST OFFICE IL US,20100420,0.04,-666,-66.6,0.17,-666,-66.6,0.47,-666,-66.6,2.48,0.5,8.96,22.1,397,246,95,40,2,0,1,0,13,6,0,0,0,51.9,21.5,62.7,41.1,8.4,7.7,10.6,7.7
GHCND:USC00117457,ROMEOVILLE WEATHER FORECAST OFFICE IL US,20100421,0.04,-666,-66.6,0.17,-666,-66.6,0.48,-666,-66.6,2.61,0.5,9.09,22.1,399,248,96,40,1,0,1,0,12,6,0,0,0,52.3,21.6,63.0,41.5,8.4,7.6,10.6,7.6
GHCND:USC00117457,ROMEOVILLE WEATHER FORECAST OFFICE IL US,20100422,0.04,-666,-66.6,0.17,-666,-66.6,0.48,-666,-66.6,2.75,0.5,9.23,22.1,401,250,97,40,1,0,1,0,11,5,0,0,0,52.6,21.6,63.4,41.8,8.3,7.6,10.5,7.6
GHCND:USC00117457,ROMEOVILLE WEATHER FORECAST OFFICE IL US,20100423,0.04,-666,-66.6,0.17,-666,-66.6,0.48,-666,-66.6,2.89,0.5,9.37,22.1,403,252,98,41,1,0,1,0,9,5,0,0,0,53.0,21.6,63.8,42.2,8.3,7.6,10.4,7.6
GHCND:USC00117457,ROMEOVILLE WEATHER FORECAST OFFICE IL US,20100424,0.04,-666,-66.6,0.18,-666,-66.6,0.48,-666,-66.6,3.03,0.5,9.51,22.1,404,253,99,41,1,0,1,0,9,4,0,0,0,53.4,21.6,64.1,42.6,8.2,7.5,10.4,7.6
GHCND:USC00117457,ROMEOVILLE WEATHER FORECAST OFFICE IL US,20100425,0.04,-666,-66.6,0.18,-666,-66.6,0.48,-666,-66.6,3.17,0.5,9.65,22.1,406,254,99,41,1,0,1,0,8,4,0,0,0,53.7,21.6,64.5,42.9,8.2,7.5,10.3,7.5
GHCND:USC00117457,ROMEOVILLE WEATHER FORECAST OFFICE IL US,20100426,0.04,-666,-66.6,0.18,-666,-66.6,0.48,-666,-66.6,3.31,0.5,9.79,22.1,407,254,100,41,1,0,1,0,7,3,0,0,0,54.1,21.6,64.9,43.3,8.1,7.4,10.2,7.5
GHCND:USC00117457,ROMEOVILLE WEATHER FORECAST OFFICE IL US,20100427,0.04,-666,-66.6,0.18,-666,-66.6,0.48,-666,-66.6,3.47,0.5,9.95,22.1,409,255,100,41,1,0,1,0,6,3,0,0,0,54.4,21.6,65.2,43.6,8.1,7.4,10.1,7.4
GHCND:USC00117457,ROMEOVILLE WEATHER FORECAST OFFICE IL US,20100428,0.04,-666,-66.6,0.18,-666,-66.6,0.48,-666,-66.6,3.63,0.5,10.11,22.1,411,256,100,41,1,0,1,0,6,3,0,0,0,54.8,21.6,65.6,44.0,8.0,7.4,10.0,7.4
GHCND:USC00117457,ROMEOVILLE WEATHER FORECAST OFFICE IL US,20100429,0.04,-9999,-66.6,0.18,-9999,-66.6,0.48,-9999,-66.6,3.80,0.5,10.28,22.1,413,256,100,41,0,0,0,0,5,2,0,0,0,55.1,21.6,65.9,44.3,8.0,7.3,10.0,7.4
GHCND:USC00117457,ROMEOVILLE WEATHER FORECAST OFFICE IL US,20100430,0.04,-9999,-66.6,0.18,-9999,-66.6,0.48,-9999,-66.6,3.96,0.5,10.44,22.1,414,256,101,41,0,0,0,0,4,2,0,0,0,55.4,21.6,66.2,44.7,8.0,7.3,9.9,7.4
GHCND:USC00117457,ROMEOVILLE WEATHER FORECAST OFFICE IL US,20100501,0.04,-9999,-66.6,0.18,-9999,-66.6,0.48,-9999,-66.6,0.14,0.0,10.58,22.1,415,256,101,41,0,0,0,0,-9999,-9999,0,0,0,55.8,21.6,66.6,45.0,7.9,7.2,9.9,7.3
GHCND:USC00117457,ROMEOVILLE WEATHER FORECAST OFFICE IL US,20100502,0.04,-9999,-66.6,0.18,-9999,-66.6,0.48,-9999,-66.6,0.29,0.0,10.73,22.1,416,256,101,41,0,0,0,0,-9999,-9999,0,0,0,56.1,21.5,66.9,45.3,7.9,7.2,9.8,7.3
GHCND:USC00117457,ROMEOVILLE WEATHER FORECAST OFFICE IL US,20100503,0.04,-9999,-66.6,0.18,-9999,-66.6,0.48,-9999,-66.6,0.44,0.0,10.88,22.1,416,257,101,41,0,0,0,0,-9999,-9999,0,0,0,56.4,21.5,67.2,45.7,7.9,7.1,9.8,7.3
GHCND:USC00117457,ROMEOVILLE WEATHER FORECAST OFFICE IL US,20100504,0.04,-9999,-66.6,0.18,-9999,-66.6,0.48,-9999,-66.6,0.58,0.0,11.02,22.1,417,257,102,42,0,0,0,0,-9999,-9999,0,0,0,56.8,21.5,67.5,46.0,7.9,7.1,9.8,7.3
GHCND:USC00117457,ROMEOVILLE WEATHER FORECAST OFFICE IL US,20100505,0.04,-9999,-66.6,0.18,-9999,-66.6,0.49,-9999,-66.6,0.72,0.0,11.16,22.1,419,258,102,42,0,0,0,0,-9999,-9999,0,0,0,57.1,21.5,67.8,46.4,7.9,7.0,9.7,7.3
GHCND:USC00117457,ROMEOVILLE WEATHER FORECAST OFFICE IL US,20100506,0.04,-9999,-66.6,0.18,-9999,-66.6,0.49,-9999,-66.6,0.86,0.0,11.30,22.1,421,260,103,42,0,0,0,0,-9999,0,0,0,0,57.4,21.5,68.2,46.7,7.9,7.0,9.7,7.4
GHCND:USC00117457,ROMEOVILLE WEATHER FORECAST OFFICE IL US,20100507,0.04,-9999,-66.6,0.18,-9999,-66.6,0.49,-9999,-66.6,1.00,0.0,11.44,22.1,423,261,104,42,0,0,0,0,-9999,0,0,0,0,57.7,21.4,68.5,47.0,7.9,6.9,9.7,7.4
GHCND:USC00117457,ROMEOVILLE WEATHER FORECAST OFFICE IL US,20100508,0.04,-9999,-66.6,0.18,-9999,-66.6,0.49,-9999,-66.6,1.14,0.0,11.58,22.1,424,263,104,43,0,0,0,0,-9999,0,0,0,0,58.1,21.4,68.8,47.4,7.9,6.9,9.6,7.4
GHCND:USC00117457,ROMEOVILLE WEATHER FORECAST OFFICE IL US,20100509,0.04,-9999,-66.6,0.19,-9999,-66.6,0.49,-9999,-66.6,1.27,0.0,11.71,22.1,425,264,105,43,0,0,0,0,-9999,0,0,0,0,58.4,21.4,69.1,47.7,7.9,6.8,9.6,7.4
GHCND:USC00117457,ROMEOVILLE WEATHER FORECAST OFFICE IL US,20100510,0.04,-9999,-66.6,0.19,-9999,-66.6,0.49,-9999,-66.6,1.40,0.0,11.84,22.1,426,264,105,43,0,0,0,0,-9999,0,0,0,0,58.7,21.4,69.4,48.0,7.9,6.7,9.6,7.5
GHCND:USC00117457,ROMEOVILLE WEATHER FORECAST OFFICE IL US,20100511,0.04,-9999,-9999,0.19,-9999,-9999,0.49,-9999,-9999,1.53,0.0,11.97,22.1,427,265,105,43,0,0,0,0,0,0,0,0,0,59.0,21.3,69.7,48.3,7.9,6.6,9.5,7.5
GHCND:USC00117457,ROMEOVILLE WEATHER FORECAST OFFICE IL US,20100512,0.04,-9999,-9999,0.19,-9999,-9999,0.49,-9999,-9999,1.65,0.0,12.09,22.1,427,265,105,43,0,0,0,0,0,0,0,0,0,59.3,21.3,70.0,48.6,7.9,6.6,9.5,7.5
GHCND:USC00117457,ROMEOVILLE WEATHER FORECAST OFFICE IL US,20100513,0.04,-9999,-9999,0.19,-9999,-9999,0.49,-9999,-9999,1.79,0.0,12.23,22.1,426,264,105,43,0,0,0,0,0,0,0,0,0,59.6,21.3,70.2,49.0,7.9,6.5,9.5,7.6
GHCND:USC00117457,ROMEOVILLE WEATHER FORECAST OFFICE IL US,20100514,0.04,-9999,-9999,0.19,-9999,-9999,0.49,-9999,-9999,1.92,0.0,12.36,22.1,425,263,105,43,0,0,0,0,0,0,0,0,0,59.9,21.2,70.5,49.3,7.9,6.4,9.5,7.6
GHCND:USC00117457,ROMEOVILLE WEATHER FORECAST OFFICE IL US,20100515,0.04,-9999,-9999,0.19,-9999,-9999,0.49,-9999,-9999,2.04,0.0,12.48,22.1,424,262,105,43,0,0,0,0,0,0,0,0,0,60.2,21.2,70.8,49.6,8.0,6.4,9.5,7.6
GHCND:USC00117457,ROMEOVILLE WEATHER FORECAST OFFICE IL US,20100516,0.04,-9999,-9999,0.19,-9999,-9999,0.49,-9999,-9999,2.17,0.0,12.61,22.1,423,262,105,44,0,0,0,0,0,0,0,0,0,60.5,21.2,71.1,49.9,8.0,6.3,9.4,7.6
GHCND:USC00117457,ROMEOVILLE WEATHER FORECAST OFFICE IL US,20100517,0.04,-9999,-9999,0.19,-9999,-9999,0.49,-9999,-9999,2.30,0.0,12.74,22.1,422,261,105,44,0,0,0,0,0,0,0,0,0,60.8,21.2,71.4,50.2,8.0,6.2,9.4,7.6
GHCND:USC00117457,ROMEOVILLE WEATHER FORECAST OFFICE IL US,20100518,0.04,-9999,-9999,0.19,-9999,-9999,0.49,-9999,-9999,2.44,0.0,12.88,22.1,421,259,105,44,0,0,0,0,0,0,0,0,0,61.1,21.1,71.7,50.6,8.0,6.2,9.4,7.6
GHCND:USC00117457,ROMEOVILLE WEATHER FORECAST OFFICE IL US,20100519,0.04,-9999,-9999,0.19,-9999,-9999,0.49,-9999,-9999,2.58,0.0,13.02,22.1,419,258,104,44,0,0,0,0,0,0,0,0,0,61.4,21.1,72.0,50.9,8.0,6.1,9.3,7.7
GHCND:USC00117457,ROMEOVILLE WEATHER FORECAST OFFICE IL US,20100520,0.04,-9999,-9999,0.19,-9999,-9999,0.49,-9999,-9999,2.73,0.0,13.17,22.1,418,257,104,44,0,0,0,0,0,0,0,0,0,61.7,21.1,72.3,51.2,8.0,6.1,9.3,7.7
GHCND:USC00117457,ROMEOVILLE WEATHER FORECAST OFFICE IL US,20100521,0.05,-9999,-9999,0.19,-9999,-9999,0.49,-9999,-9999,2.87,0.0,13.31,22.1,417,256,104,45,0,0,0,0,0,0,0,0,0,62.0,21.1,72.6,51.5,7.9,6.0,9.3,7.7
GHCND:USC00117457,ROMEOVILLE WEATHER FORECAST OFFICE IL US,20100522,0.05,-9999,-9999,0.19,-9999,-9999,0.50,-9999,-9999,3.02,0.0,13.46,22.1,416,255,104,45,0,0,0,0,0,0,0,0,0,62.3,21.0,72.9,51.8,7.9,6.0,9.2,7.6
GHCND:USC00117457,ROMEOVILLE WEATHER FORECAST OFFICE IL US,20100523,0.05,-9999,-9999,0.19,-9999,-9999,0.50,-9999,-9999,3.16,0.0,13.60,22.1,415,255,105,45,0,0,0,0,0,0,0,0,0,62.6,21.0,73.2,52.1,7.9,5.9,9.2,7.6
GHCND:USC00117457,ROMEOVILLE WEATHER FORECAST OFFICE IL US,20100524,0.05,-9999,-9999,0.19,-9999,-9999,0.50,-9999,-9999,3.30,0.0,13.74,22.1,413,255,105,46,0,0,0,0,0,0,0,0,0,63.0,21.0,73.4,52.5,7.9,5.9,9.1,7.6
GHCND:USC00117457,ROMEOVILLE WEATHER FORECAST OFFICE IL US,20100525,0.05,-9999,-9999,0.19,-9999,-9999,0.50,-9999,-9999,3.44,0.0,13.88,22.1,412,256,106,46,0,0,0,0,0,0,0,0,0,63.3,21.0,73.7,52.8,7.8,5.9,9.1,7.6
GHCND:USC00117457,ROMEOVILLE WEATHER FORECAST OFFICE IL US,20100526,0.05,-9999,-9999,0.19,-9999,-9999,0.51,-9999,-9999,3.56,0.0,14.00,22.1,411,256,106,47,0,0,0,0,0,0,0,0,0,63.6,20.9,74.0,53.1,7.8,5.8,9.0,7.5
GHCND:USC00117457,ROMEOVILLE WEATHER FORECAST OFFICE IL US,20100527,0.05,-9999,-9999,0.19,-9999,-9999,0.51,-9999,-9999,3.70,0.0,14.14,22.1,409,256,107,47,0,0,0,0,0,0,0,0,0,63.9,20.9,74.4,53.4,7.7,5.8,8.9,7.5
GHCND:USC00117457,ROMEOVILLE WEATHER FORECAST OFFICE IL US,20100528,0.05,-9999,-9999,0.20,-9999,-9999,0.51,-9999,-9999,3.83,0.0,14.27,22.1,408,256,107,48,0,0,0,0,0,0,0,0,0,64.2,20.9,74.7,53.8,7.7,5.7,8.8,7.5
GHCND:USC00117457,ROMEOVILLE WEATHER FORECAST OFFICE IL US,20100529,0.05,-9999,-9999,0.20,-9999,-9999,0.52,-9999,-9999,3.98,0.0,14.42,22.1,406,256,108,48,0,0,0,0,0,0,0,0,0,64.5,20.9,75.0,54.1,7.6,5.7,8.8,7.4
GHCND:USC00117457,ROMEOVILLE WEATHER FORECAST OFFICE IL US,20100530,0.06,-9999,-9999,0.20,-9999,-9999,0.52,-9999,-9999,4.12,0.0,14.56,22.1,406,257,109,49,0,0,0,0,0,0,0,0,0,64.8,20.9,75.3,54.4,7.6,5.6,8.7,7.4
GHCND:USC00117457,ROMEOVILLE WEATHER FORECAST OFFICE IL US,20100531,0.06,-9999,-9999,0.20,-9999,-9999,0.52,-9999,-9999,4.26,0.0,14.70,22.1,405,258,110,49,0,0,0,0,0,0,0,0,0,65.2,20.8,75.6,54.7,7.5,5.6,8.6,7.4
GHCND:USC00117457,ROMEOVILLE WEATHER FORECAST OFFICE IL US,20100601,0.06,-9999,-9999,0.20,-9999,-9999,0.53,-9999,-9999,0.15,0.0,14.85,22.1,404,259,110,49,0,0,0,0,0,0,0,0,0,65.5,20.8,75.9,55.1,7.4,5.5,8.5,7.3
GHCND:USC00117457,ROMEOVILLE WEATHER FORECAST OFFICE IL US,20100602,0.06,-9999,-9999,0.20,-9999,-9999,0.53,-9999,-9999,0.31,0.0,15.01,22.1,403,259,111,49,0,0,0,0,0,0,0,0,0,65.8,20.8,76.2,55.4,7.3,5.5,8.4,7.2
GHCND:USC00117457,ROMEOVILLE WEATHER FORECAST OFFICE IL US,20100603,0.06,-9999,-9999,0.21,-9999,-9999,0.53,-9999,-9999,0.46,0.0,15.16,22.1,401,258,111,49,0,0,0,0,0,0,0,0,0,66.1,20.8,76.5,55.7,7.3,5.5,8.3,7.2
GHCND:USC00117457,ROMEOVILLE WEATHER FORECAST OFFICE IL US,20100604,0.06,-9999,-9999,0.21,-9999,-9999,0.53,-9999,-9999,0.61,0.0,15.31,22.1,398,257,110,48,0,0,0,0,0,0,0,0,0,66.5,20.8,76.8,56.1,7.2,5.4,8.2,7.1
GHCND:USC00117457,ROMEOVILLE WEATHER FORECAST OFFICE IL US,20100605,0.06,-9999,-9999,0.21,-9999,-9999,0.53,-9999,-9999,0.77,0.0,15.47,22.1,395,256,110,48,0,0,0,0,0,0,0,0,0,66.8,20.8,77.2,56.4,7.1,5.4,8.1,7.1
GHCND:USC00117457,ROMEOVILLE WEATHER FORECAST OFFICE IL US,20100606,0.06,-9999,-9999,0.21,-9999,-9999,0.53,-9999,-9999,0.92,0.0,15.62,22.1,393,255,110,47,0,0,0,0,0,0,0,0,0,67.1,20.7,77.5,56.7,7.0,5.3,8.0,7.0
GHCND:USC00117457,ROMEOVILLE WEATHER FORECAST OFFICE IL US,20100607,0.06,-9999,-9999,0.21,-9999,-9999,0.54,-9999,-9999,1.08,0.0,15.78,22.1,391,254,110,47,0,0,0,0,0,0,0,0,0,67.4,20.7,77.8,57.1,7.0,5.3,8.0,6.9
GHCND:USC00117457,ROMEOVILLE WEATHER FORECAST OFFICE IL US,20100608,0.06,-9999,-9999,0.21,-9999,-9999,0.54,-9999,-9999,1.24,0.0,15.94,22.1,389,253,110,47,0,0,0,0,0,0,0,0,0,67.8,20.7,78.1,57.4,6.9,5.3,7.9,6.9
GHCND:USC00117457,ROMEOVILLE WEATHER FORECAST OFFICE IL US,20100609,0.06,-9999,-9999,0.21,-9999,-9999,0.54,-9999,-9999,1.40,0.0,16.10,22.1,387,253,110,46,0,0,0,0,0,0,0,0,0,68.1,20.7,78.4,57.7,6.8,5.3,7.8,6.8
GHCND:USC00117457,ROMEOVILLE WEATHER FORECAST OFFICE IL US,20100610,0.06,-9999,-9999,0.21,-9999,-9999,0.54,-9999,-9999,1.56,0.0,16.26,22.1,385,252,111,46,0,0,0,0,0,0,0,0,0,68.4,20.7,78.8,58.1,6.7,5.2,7.7,6.7
GHCND:USC00117457,ROMEOVILLE WEATHER FORECAST OFFICE IL US,20100611,0.06,-9999,-9999,0.22,-9999,-9999,0.55,-9999,-9999,1.71,0.0,16.41,22.1,383,252,111,46,0,0,0,0,0,0,0,0,0,68.7,20.7,79.1,58.4,6.7,5.2,7.6,6.7
GHCND:USC00117457,ROMEOVILLE WEATHER FORECAST OFFICE IL US,20100612,0.06,-9999,-9999,0.22,-9999,-9999,0.55,-9999,-9999,1.88,0.0,16.58,22.1,381,252,111,45,0,0,0,0,0,0,0,0,0,69.0,20.7,79.4,58.7,6.6,5.2,7.6,6.6
GHCND:USC00117457,ROMEOVILLE WEATHER FORECAST OFFICE IL US,20100613,0.07,-9999,-9999,0.22,-9999,-9999,0.55,-9999,-9999,2.04,0.0,16.74,22.1,379,251,110,44,0,0,0,0,0,0,0,0,0,69.4,20.6,79.7,59.0,6.6,5.1,7.5,6.6
GHCND:USC00117457,ROMEOVILLE WEATHER FORECAST OFFICE IL US,20100614,0.07,-9999,-9999,0.22,-9999,-9999,0.55,-9999,-9999,2.20,0.0,16.90,22.1,376,250,110,43,0,0,0,0,0,0,0,0,0,69.7,20.6,80.0,59.4,6.5,5.1,7.4,6.5
GHCND:USC00117457,ROMEOVILLE WEATHER FORECAST OFFICE IL US,20100615,0.07,-9999,-9999,0.23,-9999,-9999,0.55,-9999,-9999,2.35,0.0,17.05,22.1,373,249,109,42,0,0,0,0,0,0,0,0,0,70.0,20.6,80.3,59.7,6.4,5.1,7.3,6.5
GHCND:USC00117457,ROMEOVILLE WEATHER FORECAST OFFICE IL US,20100616,0.07,-9999,-9999,0.23,-9999,-9999,0.55,-9999,-9999,2.50,0.0,17.20,22.1,370,247,109,41,0,0,0,0,0,0,0,0,0,70.3,20.6,80.6,60.0,6.4,5.0,7.3,6.4
GHCND:USC00117457,ROMEOVILLE WEATHER FORECAST OFFICE IL US,20100617,0.07,-9999,-9999,0.23,-9999,-9999,0.55,-9999,-9999,2.64,0.0,17.34,22.1,367,246,108,40,0,0,0,0,0,0,0,0,0,70.6,20.6,80.9,60.3,6.3,5.0,7.2,6.4
GHCND:USC00117457,ROMEOVILLE WEATHER FORECAST OFFICE IL US,20100618,0.07,-9999,-9999,0.23,-9999,-9999,0.55,-9999,-9999,2.78,0.0,17.48,22.1,365,246,108,39,0,0,0,0,0,0,0,0,0,70.9,20.6,81.1,60.6,6.2,4.9,7.1,6.3
GHCND:USC00117457,ROMEOVILLE WEATHER FORECAST OFFICE IL US,20100619,0.07,-9999,-9999,0.24,-9999,-9999,0.55,-9999,-9999,2.92,0.0,17.62,22.1,361,244,108,39,0,0,0,0,0,0,0,0,0,71.1,20.6,81.4,60.9,6.2,4.9,7.0,6.2
GHCND:USC00117457,ROMEOVILLE WEATHER FORECAST OFFICE IL US,20100620,0.07,-9999,-9999,0.24,-9999,-9999,0.55,-9999,-9999,3.05,0.0,17.75,22.1,358,243,107,38,0,0,0,0,0,0,0,0,0,71.4,20.5,81.7,61.1,6.1,4.9,6.9,6.2
GHCND:USC00117457,ROMEOVILLE WEATHER FORECAST OFFICE IL US,20100621,0.07,-9999,-9999,0.24,-9999,-9999,0.55,-9999,-9999,3.19,0.0,17.89,22.1,356,242,106,37,0,0,0,0,0,0,0,0,0,71.7,20.5,81.9,61.4,6.0,4.8,6.8,6.1
GHCND:USC00117457,ROMEOVILLE WEATHER FORECAST OFFICE IL US,20100622,0.07,-9999,-9999,0.24,-9999,-9999,0.55,-9999,-9999,3.33,0.0,18.03,22.1,353,241,106,36,0,0,0,0,0,0,0,0,0,71.9,20.5,82.2,61.7,5.9,4.8,6.7,6.0
GHCND:USC00117457,ROMEOVILLE WEATHER FORECAST OFFICE IL US,20100623,0.07,-9999,-9999,0.24,-9999,-9999,0.55,-9999,-9999,3.46,0.0,18.16,22.1,350,240,105,36,0,0,0,0,0,0,0,0,0,72.1,20.5,82.4,61.9,5.8,4.8,6.6,6.0
GHCND:USC00117457,ROMEOVILLE WEATHER FORECAST OFFICE IL US,20100624,0.07,-9999,-9999,0.24,-9999,-9999,0.55,-9999,-9999,3.60,0.0,18.30,22.1,348,239,104,35,0,0,0,0,0,0,0,0,0,72.4,20.5,82.6,62.1,5.8,4.7,6.5,5.9
GHCND:USC00117457,ROMEOVILLE WEATHER FORECAST OFFICE IL US,20100625,0.07,-9999,-9999,0.25,-9999,-9999,0.55,-9999,-9999,3.73,0.0,18.43,22.1,346,238,104,34,0,0,0,0,0,0,0,0,0,72.6,20.5,82.8,62.4,5.7,4.7,6.4,5.9
GHCND:USC00117457,ROMEOVILLE WEATHER FORECAST OFFICE IL US,20100626,0.07,-9999,-9999,0.25,-9999,-9999,0.54,-9999,-9999,3.86,0.0,18.56,22.1,344,238,103,33,0,0,0,0,0,0,0,0,0,72.8,20.4,83.0,62.6,5.6,4.6,6.3,5.8
GHCND:USC00117457,ROMEOVILLE WEATHER FORECAST OFFICE IL US,20100627,0.07,-9999,-9999,0.24,-9999,-9999,0.54,-9999,-9999,3.98,0.0,18.68,22.1,342,236,102,32,0,0,0,0,0,0,0,0,0,73.0,20.4,83.2,62.8,5.5,4.6,6.2,5.8
GHCND:USC00117457,ROMEOVILLE WEATHER FORECAST OFFICE IL US,20100628,0.07,-9999,-9999,0.24,-9999,-9999,0.54,-9999,-9999,4.11,0.0,18.81,22.1,339,234,101,31,0,0,0,0,0,0,0,0,0,73.2,20.4,83.4,63.0,5.4,4.6,6.1,5.7
GHCND:USC00117457,ROMEOVILLE WEATHER FORECAST OFFICE IL US,20100629,0.07,-9999,-9999,0.25,-9999,-9999,0.54,-9999,-9999,4.22,0.0,18.92,22.1,336,233,100,30,0,0,0,0,0,0,0,0,0,73.3,20.4,83.5,63.2,5.4,4.5,6.0,5.6
GHCND:USC00117457,ROMEOVILLE WEATHER FORECAST OFFICE IL US,20100630,0.07,-9999,-9999,0.25,-9999,-9999,0.54,-9999,-9999,4.34,0.0,19.04,22.1,333,231,100,29,0,0,0,0,0,0,0,0,0,73.5,20.4,83.7,63.3,5.3,4.5,5.9,5.6
GHCND:USC00117457,ROMEOVILLE WEATHER FORECAST OFFICE IL US,20100701,0.07,-9999,-9999,0.25,-9999,-9999,0.54,-9999,-9999,0.13,0.0,19.17,22.1,331,230,99,29,0,0,0,0,0,0,0,0,0,73.6,20.3,83.8,63.5,5.3,4.5,5.9,5.5
GHCND:USC00117457,ROMEOVILLE WEATHER FORECAST OFFICE IL US,20100702,0.07,-9999,-9999,0.25,-9999,-9999,0.54,-9999,-9999,0.26,0.0,19.30,22.1,329,230,99,28,0,0,0,0,0,0,0,0,0,73.8,20.3,83.9,63.6,5.2,4.4,5.8,5.5
GHCND:USC00117457,ROMEOVILLE WEATHER FORECAST OFFICE IL US,20100703,0.07,-9999,-9999,0.25,-9999,-9999,0.54,-9999,-9999,0.40,0.0,19.44,22.1,328,230,99,28,0,0,0,0,0,0,0,0,0,73.9,20.3,84.0,63.7,5.2,4.4,5.7,5.5
GHCND:USC00117457,ROMEOVILLE WEATHER FORECAST OFFICE IL US,20100704,0.07,-9999,-9999,0.25,-9999,-9999,0.54,-9999,-9999,0.54,0.0,19.58,22.1,327,229,99,28,0,0,0,0,0,0,0,0,0,74.0,20.3,84.1,63.9,5.1,4.3,5.7,5.4
GHCND:USC00117457,ROMEOVILLE WEATHER FORECAST OFFICE IL US,20100705,0.07,-9999,-9999,0.26,-9999,-9999,0.54,-9999,-9999,0.67,0.0,19.71,22.1,325,229,99,28,0,0,0,0,0,0,0,0,0,74.1,20.2,84.2,64.0,5.1,4.3,5.6,5.4
GHCND:USC00117457,ROMEOVILLE WEATHER FORECAST OFFICE IL US,20100706,0.08,-9999,-9999,0.26,-9999,-9999,0.54,-9999,-9999,0.81,0.0,19.85,22.1,323,228,98,28,0,0,0,0,0,0,0,0,0,74.2,20.2,84.3,64.1,5.1,4.2,5.6,5.4
GHCND:USC00117457,ROMEOVILLE WEATHER FORECAST OFFICE IL US,20100707,0.08,-9999,-9999,0.26,-9999,-9999,0.54,-9999,-9999,0.95,0.0,19.99,22.1,323,228,98,29,0,0,0,0,0,0,0,0,0,74.2,20.2,84.3,64.1,5.0,4.2,5.5,5.3
GHCND:USC00117457,ROMEOVILLE WEATHER FORECAST OFFICE IL US,20100708,0.08,-9999,-9999,0.26,-9999,-9999,0.54,-9999,-9999,1.09,0.0,20.13,22.1,322,228,98,29,0,0,0,0,0,0,0,0,0,74.3,20.2,84.4,64.2,5.0,4.2,5.5,5.3
GHCND:USC00117457,ROMEOVILLE WEATHER FORECAST OFFICE IL US,20100709,0.08,-9999,-9999,0.26,-9999,-9999,0.54,-9999,-9999,1.22,0.0,20.26,22.1,321,228,98,29,0,0,0,0,0,0,0,0,0,74.3,20.1,84.4,64.3,5.0,4.1,5.5,5.3
GHCND:USC00117457,ROMEOVILLE WEATHER FORECAST OFFICE IL US,20100710,0.08,-9999,-9999,0.26,-9999,-9999,0.54,-9999,-9999,1.36,0.0,20.40,22.1,320,227,97,30,0,0,0,0,0,0,0,0,0,74.4,20.1,84.4,64.3,4.9,4.1,5.4,5.3
GHCND:USC00117457,ROMEOVILLE WEATHER FORECAST OFFICE IL US,20100711,0.08,-9999,-9999,0.25,-9999,-9999,0.54,-9999,-9999,1.49,0.0,20.53,22.1,318,227,97,30,0,0,0,0,0,0,0,0,0,74.4,20.1,84.4,64.3,4.9,4.1,5.4,5.2
GHCND:USC00117457,ROMEOVILLE WEATHER FORECAST OFFICE IL US,20100712,0.08,-9999,-9999,0.25,-9999,-9999,0.54,-9999,-9999,1.63,0.0,20.67,22.1,317,227,97,31,0,0,0,0,0,0,0,0,0,74.4,20.1,84.4,64.4,4.9,4.1,5.4,5.2
GHCND:USC00117457,ROMEOVILLE WEATHER FORECAST OFFICE IL US,20100713,0.08,-9999,-9999,0.25,-9999,-9999,0.53,-9999,-9999,1.77,0.0,20.81,22.1,316,226,96,31,0,0,0,0,0,0,0,0,0,74.4,20.0,84.4,64.4,4.9,4.0,5.4,5.2
GHCND:USC00117457,ROMEOVILLE WEATHER FORECAST OFFICE IL US,20100714,0.08,-9999,-9999,0.25,-9999,-9999,0.53,-9999,-9999,1.93,0.0,20.97,22.1,316,226,96,32,0,0,0,0,0,0,0,0,0,74.4,20.0,84.4,64.4,4.9,4.0,5.4,5.2
GHCND:USC00117457,ROMEOVILLE WEATHER FORECAST OFFICE IL US,20100715,0.08,-9999,-9999,0.25,-9999,-9999,0.53,-9999,-9999,2.08,0.0,21.12,22.1,316,227,96,33,0,0,0,0,0,0,0,0,0,74.4,20.0,84.3,64.4,4.9,4.0,5.3,5.2
GHCND:USC00117457,ROMEOVILLE WEATHER FORECAST OFFICE IL US,20100716,0.08,-9999,-9999,0.25,-9999,-9999,0.53,-9999,-9999,2.23,0.0,21.27,22.1,316,227,96,33,0,0,0,0,0,0,0,0,0,74.3,19.9,84.3,64.4,4.8,4.0,5.3,5.2
GHCND:USC00117457,ROMEOVILLE WEATHER FORECAST OFFICE IL US,20100717,0.08,-9999,-9999,0.25,-9999,-9999,0.53,-9999,-9999,2.39,0.0,21.43,22.1,316,227,96,34,0,0,0,0,0,0,0,0,0,74.3,19.9,84.2,64.3,4.8,4.0,5.3,5.2
GHCND:USC00117457,ROMEOVILLE WEATHER FORECAST OFFICE IL US,20100718,0.08,-9999,-9999,0.25,-9999,-9999,0.53,-9999,-9999,2.55,0.0,21.59,22.1,317,228,96,34,0,0,0,0,0,0,0,0,0,74.3,19.9,84.2,64.3,4.8,4.0,5.3,5.2
GHCND:USC00117457,ROMEOVILLE WEATHER FORECAST OFFICE IL US,20100719,0.08,-9999,-9999,0.25,-9999,-9999,0.53,-9999,-9999,2.70,0.0,21.74,22.1,317,228,96,35,0,0,0,0,0,0,0,0,0,74.2,19.8,84.1,64.3,4.8,4.0,5.3,5.2
GHCND:USC00117457,ROMEOVILLE WEATHER FORECAST OFFICE IL US,20100720,0.08,-9999,-9999,0.25,-9999,-9999,0.53,-9999,-9999,2.87,0.0,21.91,22.1,318,228,96,35,0,0,0,0,0,0,0,0,0,74.2,19.8,84.1,64.3,4.8,4.0,5.3,5.2
GHCND:USC00117457,ROMEOVILLE WEATHER FORECAST OFFICE IL US,20100721,0.08,-9999,-9999,0.25,-9999,-9999,0.53,-9999,-9999,3.05,0.0,22.09,22.1,318,228,96,35,0,0,0,0,0,0,0,0,0,74.1,19.8,84.0,64.2,4.8,4.0,5.3,5.2
GHCND:USC00117457,ROMEOVILLE WEATHER FORECAST OFFICE IL US,20100722,0.08,-9999,-9999,0.25,-9999,-9999,0.53,-9999,-9999,3.22,0.0,22.26,22.1,318,228,96,35,0,0,0,0,0,0,0,0,0,74.0,19.7,83.9,64.2,4.9,4.1,5.3,5.2
GHCND:USC00117457,ROMEOVILLE WEATHER FORECAST OFFICE IL US,20100723,0.08,-9999,-9999,0.25,-9999,-9999,0.53,-9999,-9999,3.40,0.0,22.44,22.1,318,228,96,36,0,0,0,0,0,0,0,0,0,74.0,19.7,83.8,64.2,4.9,4.1,5.4,5.2
GHCND:USC00117457,ROMEOVILLE WEATHER FORECAST OFFICE IL US,20100724,0.07,-9999,-9999,0.25,-9999,-9999,0.53,-9999,-9999,3.57,0.0,22.61,22.1,318,227,96,36,0,0,0,0,0,0,0,0,0,73.9,19.6,83.7,64.1,4.9,4.1,5.4,5.2
GHCND:USC00117457,ROMEOVILLE WEATHER FORECAST OFFICE IL US,20100725,0.07,-9999,-9999,0.25,-9999,-9999,0.53,-9999,-9999,3.73,0.0,22.77,22.1,318,227,96,36,0,0,0,0,0,0,0,0,0,73.9,19.6,83.7,64.1,4.9,4.1,5.4,5.2
GHCND:USC00117457,ROMEOVILLE WEATHER FORECAST OFFICE IL US,20100726,0.07,-9999,-9999,0.25,-9999,-9999,0.53,-9999,-9999,3.89,0.0,22.93,22.1,319,228,97,37,0,0,0,0,0,0,0,0,0,73.8,19.6,83.6,64.0,4.9,4.1,5.5,5.3
GHCND:USC00117457,ROMEOVILLE WEATHER FORECAST OFFICE IL US,20100727,0.07,-9999,-9999,0.25,-9999,-9999,0.53,-9999,-9999,4.05,0.0,23.09,22.1,320,228,97,38,0,0,0,0,0,0,0,0,0,73.7,19.5,83.5,64.0,5.0,4.1,5.5,5.3
GHCND:USC00117457,ROMEOVILLE WEATHER FORECAST OFFICE IL US,20100728,0.07,-9999,-9999,0.25,-9999,-9999,0.54,-9999,-9999,4.21,0.0,23.25,22.1,321,229,98,38,0,0,0,0,0,0,0,0,0,73.7,19.5,83.4,63.9,5.0,4.1,5.5,5.3
GHCND:USC00117457,ROMEOVILLE WEATHER FORECAST OFFICE IL US,20100729,0.07,-9999,-9999,0.25,-9999,-9999,0.54,-9999,-9999,4.38,0.0,23.42,22.1,322,229,98,39,0,0,0,0,0,0,0,0,0,73.6,19.5,83.3,63.9,5.0,4.1,5.5,5.3
GHCND:USC00117457,ROMEOVILLE WEATHER FORECAST OFFICE IL US,20100730,0.07,-9999,-9999,0.25,-9999,-9999,0.54,-9999,-9999,4.54,0.0,23.58,22.1,323,230,98,40,0,0,0,0,0,0,0,0,0,73.5,19.4,83.3,63.8,5.0,4.2,5.6,5.4
GHCND:USC00117457,ROMEOVILLE WEATHER FORECAST OFFICE IL US,20100731,0.07,-9999,-9999,0.25,-9999,-9999,0.54,-9999,-9999,4.71,0.0,23.75,22.1,324,230,99,40,0,0,0,0,0,0,0,0,0,73.5,19.4,83.2,63.8,5.0,4.2,5.6,5.4
GHCND:USC00117457,ROMEOVILLE WEATHER FORECAST OFFICE IL US,20100801,0.07,-9999,-9999,0.25,-9999,-9999,0.54,-9999,-9999,0.13,0.0,23.88,22.1,324,231,99,41,0,0,0,0,0,0,0,0,0,73.4,19.4,83.1,63.7,5.0,4.2,5.6,5.4
GHCND:USC00117457,ROMEOVILLE WEATHER FORECAST OFFICE IL US,20100802,0.07,-9999,-9999,0.25,-9999,-9999,0.54,-9999,-9999,0.26,0.0,24.01,22.1,325,232,100,41,0,0,0,0,0,0,0,0,0,73.4,19.3,83.0,63.7,5.0,4.3,5.6,5.4
GHCND:USC00117457,ROMEOVILLE WEATHER FORECAST OFFICE IL US,20100803,0.07,-9999,-9999,0.25,-9999,-9999,0.55,-9999,-9999,0.39,0.0,24.14,22.1,325,232,101,42,0,0,0,0,0,0,0,0,0,73.3,19.3,82.9,63.7,5.0,4.3,5.6,5.4
GHCND:USC00117457,ROMEOVILLE WEATHER FORECAST OFFICE IL US,20100804,0.07,-9999,-9999,0.25,-9999,-9999,0.55,-9999,-9999,0.52,0.0,24.27,22.1,325,232,101,42,0,0,0,0,0,0,0,0,0,73.2,19.3,82.9,63.6,5.0,4.4,5.6,5.4
GHCND:USC00117457,ROMEOVILLE WEATHER FORECAST OFFICE IL US,20100805,0.07,-9999,-9999,0.25,-9999,-9999,0.55,-9999,-9999,0.65,0.0,24.40,22.1,324,231,101,41,0,0,0,0,0,0,0,0,0,73.2,19.2,82.8,63.6,5.0,4.4,5.6,5.4
GHCND:USC00117457,ROMEOVILLE WEATHER FORECAST OFFICE IL US,20100806,0.07,-9999,-9999,0.25,-9999,-9999,0.55,-9999,-9999,0.78,0.0,24.53,22.1,323,231,101,41,0,0,0,0,0,0,0,0,0,73.1,19.2,82.7,63.5,5.0,4.4,5.6,5.4
GHCND:USC00117457,ROMEOVILLE WEATHER FORECAST OFFICE IL US,20100807,0.07,-9999,-9999,0.26,-9999,-9999,0.55,-9999,-9999,0.92,0.0,24.67,22.1,321,230,100,41,0,0,0,0,0,0,0,0,0,73.1,19.2,82.7,63.5,5.0,4.5,5.5,5.4
GHCND:USC00117457,ROMEOVILLE WEATHER FORECAST OFFICE IL US,20100808,0.07,-9999,-9999,0.26,-9999,-9999,0.55,-9999,-9999,1.05,0.0,24.80,22.1,320,229,100,41,0,0,0,0,0,0,0,0,0,73.0,19.2,82.6,63.4,4.9,4.5,5.5,5.4
GHCND:USC00117457,ROMEOVILLE WEATHER FORECAST OFFICE IL US,20100809,0.07,-9999,-9999,0.26,-9999,-9999,0.55,-9999,-9999,1.19,0.0,24.94,22.1,319,229,101,41,0,0,0,0,0,0,0,0,0,73.0,19.2,82.5,63.4,4.9,4.6,5.5,5.4
GHCND:USC00117457,ROMEOVILLE WEATHER FORECAST OFFICE IL US,20100810,0.07,-9999,-9999,0.26,-9999,-9999,0.56,-9999,-9999,1.33,0.0,25.08,22.1,318,227,101,41,0,0,0,0,0,0,0,0,0,72.9,19.1,82.5,63.3,4.9,4.6,5.5,5.4
GHCND:USC00117457,ROMEOVILLE WEATHER FORECAST OFFICE IL US,20100811,0.07,-9999,-9999,0.27,-9999,-9999,0.56,-9999,-9999,1.47,0.0,25.22,22.1,318,227,102,41,0,0,0,0,0,0,0,0,0,72.9,19.1,82.4,63.3,4.8,4.7,5.5,5.3
GHCND:USC00117457,ROMEOVILLE WEATHER FORECAST OFFICE IL US,20100812,0.07,-9999,-9999,0.27,-9999,-9999,0.56,-9999,-9999,1.60,0.0,25.35,22.1,317,225,102,41,0,0,0,0,0,0,0,0,0,72.8,19.1,82.4,63.2,4.8,4.7,5.5,5.3
GHCND:USC00117457,ROMEOVILLE WEATHER FORECAST OFFICE IL US,20100813,0.07,-9999,-9999,0.27,-9999,-9999,0.57,-9999,-9999,1.74,0.0,25.49,22.1,316,224,102,41,0,0,0,0,0,0,0,0,0,72.8,19.1,82.3,63.2,4.8,4.7,5.5,5.3
GHCND:USC00117457,ROMEOVILLE WEATHER FORECAST OFFICE IL US,20100814,0.07,-9999,-9999,0.27,-9999,-9999,0.57,-9999,-9999,1.89,0.0,25.64,22.1,314,223,103,41,0,0,0,0,0,0,0,0,0,72.7,19.1,82.2,63.1,4.8,4.8,5.5,5.3
GHCND:USC00117457,ROMEOVILLE WEATHER FORECAST OFFICE IL US,20100815,0.07,-9999,-9999,0.27,-9999,-9999,0.57,-9999,-9999,2.03,0.0,25.78,22.1,312,221,103,42,0,0,0,0,0,0,0,0,0,72.6,19.1,82.2,63.1,4.8,4.8,5.6,5.3
GHCND:USC00117457,ROMEOVILLE WEATHER FORECAST OFFICE IL US,20100816,0.07,-9999,-9999,0.28,-9999,-9999,0.58,-9999,-9999,2.18,0.0,25.93,22.1,311,221,104,42,0,0,0,0,0,0,0,0,0,72.6,19.1,82.1,63.0,4.8,4.9,5.6,5.3
GHCND:USC00117457,ROMEOVILLE WEATHER FORECAST OFFICE IL US,20100817,0.07,-9999,-9999,0.28,-9999,-9999,0.58,-9999,-9999,2.32,0.0,26.07,22.1,310,220,104,43,0,0,0,0,0,0,0,0,0,72.5,19.1,82.1,62.9,4.9,4.9,5.6,5.3
GHCND:USC00117457,ROMEOVILLE WEATHER FORECAST OFFICE IL US,20100818,0.07,-9999,-9999,0.28,-9999,-9999,0.59,-9999,-9999,2.45,0.0,26.20,22.1,309,220,105,43,0,0,0,0,0,0,0,0,0,72.4,19.2,82.0,62.8,4.9,4.9,5.7,5.3
GHCND:USC00117457,ROMEOVILLE WEATHER FORECAST OFFICE IL US,20100819,0.07,-9999,-9999,0.28,-9999,-9999,0.60,-9999,-9999,2.57,0.0,26.32,22.1,307,218,105,44,0,0,0,0,0,0,0,0,0,72.3,19.2,81.9,62.7,4.9,5.0,5.7,5.3
GHCND:USC00117457,ROMEOVILLE WEATHER FORECAST OFFICE IL US,20100820,0.07,-9999,-9999,0.29,-9999,-9999,0.60,-9999,-9999,2.69,0.0,26.44,22.1,305,217,105,45,0,0,0,0,0,0,0,0,0,72.2,19.2,81.8,62.6,4.9,5.0,5.7,5.3
GHCND:USC00117457,ROMEOVILLE WEATHER FORECAST OFFICE IL US,20100821,0.07,-9999,-9999,0.29,-9999,-9999,0.61,-9999,-9999,2.81,0.0,26.56,22.1,303,215,105,45,0,0,0,0,0,0,0,0,0,72.1,19.2,81.7,62.5,4.9,5.1,5.7,5.4
GHCND:USC00117457,ROMEOVILLE WEATHER FORECAST OFFICE IL US,20100822,0.07,-9999,-9999,0.29,-9999,-9999,0.61,-9999,-9999,2.93,0.0,26.68,22.1,301,214,105,46,0,0,0,0,0,0,0,0,0,72.0,19.3,81.7,62.4,4.9,5.1,5.8,5.4
GHCND:USC00117457,ROMEOVILLE WEATHER FORECAST OFFICE IL US,20100823,0.07,-9999,-9999,0.29,-9999,-9999,0.62,-9999,-9999,3.05,0.0,26.80,22.1,299,213,105,46,0,0,0,0,0,0,0,0,0,71.9,19.3,81.6,62.2,5.0,5.2,5.8,5.4
GHCND:USC00117457,ROMEOVILLE WEATHER FORECAST OFFICE IL US,20100824,0.07,-9999,-9999,0.30,-9999,-9999,0.62,-9999,-9999,3.18,0.0,26.93,22.1,296,212,105,46,0,0,0,0,0,0,0,0,0,71.8,19.4,81.5,62.1,5.0,5.2,5.9,5.4
GHCND:USC00117457,ROMEOVILLE WEATHER FORECAST OFFICE IL US,20100825,0.07,-9999,-9999,0.30,-9999,-9999,0.62,-9999,-9999,3.30,0.0,27.05,22.1,293,210,104,46,0,0,0,0,0,0,0,0,0,71.6,19.4,81.3,61.9,5.0,5.3,5.9,5.5
GHCND:USC00117457,ROMEOVILLE WEATHER FORECAST OFFICE IL US,20100826,0.07,-9999,-9999,0.30,-9999,-9999,0.62,-9999,-9999,3.42,0.0,27.17,22.1,290,208,103,46,0,0,0,0,0,0,0,0,0,71.5,19.5,81.2,61.7,5.1,5.3,6.0,5.5
GHCND:USC00117457,ROMEOVILLE WEATHER FORECAST OFFICE IL US,20100827,0.07,-9999,-9999,0.30,-9999,-9999,0.63,-9999,-9999,3.54,0.0,27.29,22.1,287,206,102,46,0,0,0,0,0,0,0,0,0,71.3,19.5,81.1,61.5,5.1,5.3,6.0,5.6
GHCND:USC00117457,ROMEOVILLE WEATHER FORECAST OFFICE IL US,20100828,0.07,-9999,-9999,0.30,-9999,-9999,0.62,-9999,-9999,3.67,0.0,27.42,22.1,285,204,101,46,0,0,0,0,0,0,0,0,0,71.1,19.6,80.9,61.3,5.2,5.4,6.0,5.6
GHCND:USC00117457,ROMEOVILLE WEATHER FORECAST OFFICE IL US,20100829,0.07,-9999,-9999,0.30,-9999,-9999,0.62,-9999,-9999,3.79,0.0,27.54,22.1,281,201,99,45,0,0,0,0,0,0,0,0,0,70.9,19.7,80.8,61.1,5.2,5.4,6.1,5.7
GHCND:USC00117457,ROMEOVILLE WEATHER FORECAST OFFICE IL US,20100830,0.07,-9999,-9999,0.30,-9999,-9999,0.62,-9999,-9999,3.93,0.0,27.68,22.1,278,198,97,44,0,0,0,0,0,0,0,0,0,70.7,19.7,80.6,60.9,5.2,5.5,6.1,5.7
GHCND:USC00117457,ROMEOVILLE WEATHER FORECAST OFFICE IL US,20100831,0.07,-9999,-9999,0.30,-9999,-9999,0.62,-9999,-9999,4.07,0.0,27.82,22.1,275,195,96,44,0,0,0,0,0,0,0,0,0,70.5,19.8,80.4,60.6,5.3,5.5,6.2,5.7
GHCND:USC00117457,ROMEOVILLE WEATHER FORECAST OFFICE IL US,20100901,0.07,-9999,-9999,0.30,-9999,-9999,0.62,-9999,-9999,0.13,0.0,27.95,22.1,273,192,94,43,0,0,0,0,0,0,0,0,0,70.3,19.9,80.2,60.3,5.4,5.6,6.3,5.8
GHCND:USC00117457,ROMEOVILLE WEATHER FORECAST OFFICE IL US,20100902,0.07,-9999,-9999,0.29,-9999,-9999,0.61,-9999,-9999,0.27,0.0,28.09,22.1,271,190,92,43,0,0,0,0,0,0,0,0,0,70.0,20.0,80.0,60.0,5.4,5.6,6.3,5.9
GHCND:USC00117457,ROMEOVILLE WEATHER FORECAST OFFICE IL US,20100903,0.07,-9999,-9999,0.29,-9999,-9999,0.61,-9999,-9999,0.39,0.0,28.21,22.1,269,188,91,43,0,0,0,0,0,0,0,0,0,69.8,20.1,79.8,59.7,5.5,5.7,6.4,5.9
GHCND:USC00117457,ROMEOVILLE WEATHER FORECAST OFFICE IL US,20100904,0.07,-9999,-9999,0.29,-9999,-9999,0.61,-9999,-9999,0.51,0.0,28.33,22.1,269,186,90,42,0,0,0,0,0,0,0,0,0,69.5,20.1,79.6,59.4,5.6,5.7,6.5,6.0
GHCND:USC00117457,ROMEOVILLE WEATHER FORECAST OFFICE IL US,20100905,0.06,-9999,-9999,0.29,-9999,-9999,0.60,-9999,-9999,0.64,0.0,28.46,22.1,268,185,89,42,0,0,0,0,0,0,0,0,0,69.2,20.2,79.3,59.1,5.7,5.7,6.6,6.1
GHCND:USC00117457,ROMEOVILLE WEATHER FORECAST OFFICE IL US,20100906,0.06,-9999,-9999,0.28,-9999,-9999,0.60,-9999,-9999,0.77,0.0,28.59,22.1,269,184,88,42,0,0,0,0,0,0,0,0,0,68.9,20.3,79.1,58.7,5.8,5.8,6.7,6.2
GHCND:USC00117457,ROMEOVILLE WEATHER FORECAST OFFICE IL US,20100907,0.06,-9999,-9999,0.28,-9999,-9999,0.60,-9999,-9999,0.89,0.0,28.71,22.1,269,183,87,41,0,0,0,0,0,0,0,0,0,68.6,20.4,78.8,58.4,5.9,5.8,6.8,6.3
GHCND:USC00117457,ROMEOVILLE WEATHER FORECAST OFFICE IL US,20100908,0.06,-9999,-9999,0.28,-9999,-9999,0.59,-9999,-9999,1.00,0.0,28.82,22.1,269,183,86,40,0,0,0,0,0,0,0,0,0,68.2,20.5,78.5,58.0,5.9,5.8,6.9,6.3
GHCND:USC00117457,ROMEOVILLE WEATHER FORECAST OFFICE IL US,20100909,0.06,-9999,-9999,0.28,-9999,-9999,0.59,-9999,-9999,1.11,0.0,28.93,22.1,268,183,84,40,0,0,0,0,0,0,0,0,0,67.9,20.6,78.2,57.6,6.0,5.8,6.9,6.4
GHCND:USC00117457,ROMEOVILLE WEATHER FORECAST OFFICE IL US,20100910,0.06,-9999,-9999,0.27,-9999,-9999,0.58,-9999,-9999,1.22,0.0,29.04,22.1,269,183,83,39,0,0,0,0,0,0,0,0,0,67.5,20.7,77.9,57.2,6.1,5.9,7.0,6.5
GHCND:USC00117457,ROMEOVILLE WEATHER FORECAST OFFICE IL US,20100911,0.06,-9999,-9999,0.27,-9999,-9999,0.57,-9999,-9999,1.32,0.0,29.14,22.1,269,182,82,39,0,0,0,0,0,0,0,0,0,67.2,20.8,77.6,56.8,6.2,5.9,7.1,6.6
GHCND:USC00117457,ROMEOVILLE WEATHER FORECAST OFFICE IL US,20100912,0.06,-9999,-9999,0.27,-9999,-9999,0.57,-9999,-9999,1.41,0.0,29.23,22.1,269,182,80,38,0,0,0,0,0,0,0,0,0,66.8,20.9,77.2,56.4,6.3,5.9,7.2,6.7
GHCND:USC00117457,ROMEOVILLE WEATHER FORECAST OFFICE IL US,20100913,0.06,-9999,-9999,0.27,-9999,-9999,0.56,-9999,-9999,1.50,0.0,29.32,22.1,269,181,79,37,0,0,0,0,0,0,0,0,0,66.4,20.9,76.9,55.9,6.4,6.0,7.3,6.8
GHCND:USC00117457,ROMEOVILLE WEATHER FORECAST OFFICE IL US,20100914,0.06,-9999,-9999,0.27,-9999,-9999,0.55,-9999,-9999,1.59,0.0,29.41,22.1,269,180,77,35,0,0,0,0,0,0,0,0,0,66.0,21.0,76.5,55.5,6.5,6.0,7.4,6.9
GHCND:USC00117457,ROMEOVILLE WEATHER FORECAST OFFICE IL US,20100915,0.06,-9999,-9999,0.26,-9999,-9999,0.54,-9999,-9999,1.69,0.0,29.51,22.1,269,179,75,34,0,0,0,0,0,0,0,0,0,65.6,21.1,76.1,55.0,6.6,6.0,7.5,7.0
GHCND:USC00117457,ROMEOVILLE WEATHER FORECAST OFFICE IL US,20100916,0.06,-9999,-9999,0.26,-9999,-9999,0.53,-9999,-9999,1.78,0.0,29.60,22.1,269,178,73,33,0,0,0,0,0,0,0,0,0,65.2,21.2,75.8,54.6,6.7,6.0,7.7,7.1
GHCND:USC00117457,ROMEOVILLE WEATHER FORECAST OFFICE IL US,20100917,0.06,-9999,-9999,0.25,-9999,-9999,0.52,-9999,-9999,1.87,0.0,29.69,22.1,270,177,71,32,0,0,0,0,0,0,0,0,0,64.7,21.3,75.4,54.1,6.8,6.1,7.8,7.2
GHCND:USC00117457,ROMEOVILLE WEATHER FORECAST OFFICE IL US,20100918,0.06,-9999,-9999,0.25,-9999,-9999,0.51,-9999,-9999,1.97,0.0,29.79,22.1,271,177,69,30,0,0,0,0,0,0,0,0,0,64.3,21.3,75.0,53.6,7.0,6.1,7.9,7.3
GHCND:USC00117457,ROMEOVILLE WEATHER FORECAST OFFICE IL US,20100919,0.06,-9999,-9999,0.24,-9999,-9999,0.50,-9999,-9999,2.07,0.0,29.89,22.1,273,177,68,29,0,0,0,0,0,0,0,0,0,63.9,21.4,74.6,53.2,7.1,6.1,8.0,7.4
GHCND:USC00117457,ROMEOVILLE WEATHER FORECAST OFFICE IL US,20100920,0.06,-9999,-9999,0.24,-9999,-9999,0.48,-9999,-9999,2.18,0.0,30.00,22.1,275,177,66,28,0,0,0,0,0,0,0,0,0,63.4,21.4,74.1,52.7,7.2,6.2,8.1,7.5
GHCND:USC00117457,ROMEOVILLE WEATHER FORECAST OFFICE IL US,20100921,0.06,-9999,-9999,0.23,-9999,-9999,0.47,-9999,-9999,2.28,0.0,30.10,22.1,276,177,64,26,0,0,0,0,0,0,0,0,0,63.0,21.5,73.7,52.2,7.3,6.2,8.3,7.5
GHCND:USC00117457,ROMEOVILLE WEATHER FORECAST OFFICE IL US,20100922,0.06,-9999,-9999,0.22,-9999,-9999,0.46,-9999,-9999,2.38,0.0,30.20,22.1,278,176,62,25,0,0,0,0,0,0,0,0,0,62.5,21.5,73.3,51.8,7.4,6.3,8.4,7.6
GHCND:USC00117457,ROMEOVILLE WEATHER FORECAST OFFICE IL US,20100923,0.06,-9999,-9999,0.22,-9999,-9999,0.45,-9999,-9999,2.48,0.0,30.30,22.1,279,176,61,24,0,0,0,0,0,0,0,0,0,62.1,21.6,72.9,51.3,7.5,6.3,8.5,7.7
GHCND:USC00117457,ROMEOVILLE WEATHER FORECAST OFFICE IL US,20100924,0.05,-9999,-9999,0.21,-9999,-9999,0.44,-9999,-9999,2.59,0.0,30.41,22.1,280,175,59,24,0,0,0,0,0,0,0,0,0,61.6,21.6,72.4,50.8,7.6,6.4,8.7,7.8
GHCND:USC00117457,ROMEOVILLE WEATHER FORECAST OFFICE IL US,20100925,0.05,-9999,-9999,0.21,-9999,-9999,0.43,-9999,-9999,2.69,0.0,30.51,22.1,281,175,58,23,0,0,0,0,0,0,0,0,0,61.2,21.6,72.0,50.4,7.7,6.4,8.8,7.9
GHCND:USC00117457,ROMEOVILLE WEATHER FORECAST OFFICE IL US,20100926,0.05,-9999,-9999,0.20,-9999,-9999,0.43,-9999,-9999,2.78,0.0,30.60,22.1,283,175,58,23,0,0,0,0,0,0,0,0,0,60.7,21.6,71.5,49.9,7.8,6.4,9.0,8.0
GHCND:USC00117457,ROMEOVILLE WEATHER FORECAST OFFICE IL US,20100927,0.05,-9999,-9999,0.20,-9999,-9999,0.42,-9999,-9999,2.88,0.0,30.70,22.1,286,176,57,22,0,0,0,0,0,0,0,0,0,60.3,21.6,71.1,49.5,7.9,6.5,9.1,8.0
GHCND:USC00117457,ROMEOVILLE WEATHER FORECAST OFFICE IL US,20100928,0.05,-9999,-9999,0.20,-9999,-9999,0.42,-9999,-9999,2.96,0.0,30.78,22.1,289,178,57,22,0,0,0,0,0,0,0,0,0,59.8,21.6,70.7,49.0,8.0,6.5,9.2,8.1
GHCND:USC00117457,ROMEOVILLE WEATHER FORECAST OFFICE IL US,20100929,0.05,-9999,-9999,0.19,-9999,-9999,0.41,-9999,-9999,3.04,0.0,30.86,22.1,292,179,57,22,0,0,0,0,0,0,0,0,0,59.4,21.6,70.2,48.6,8.1,6.6,9.3,8.1
GHCND:USC00117457,ROMEOVILLE WEATHER FORECAST OFFICE IL US,20100930,0.05,-9999,-9999,0.19,-9999,-9999,0.41,-9999,-9999,3.13,0.0,30.95,22.1,294,181,57,22,0,0,0,0,0,0,0,0,0,59.0,21.6,69.8,48.2,8.2,6.6,9.4,8.2
GHCND:USC00117457,ROMEOVILLE WEATHER FORECAST OFFICE IL US,20101001,0.05,-9999,-9999,0.19,-9999,-9999,0.40,-9999,-9999,0.11,0.0,31.06,22.1,297,182,57,22,0,0,0,0,0,0,0,0,0,58.5,21.6,69.3,47.8,8.2,6.7,9.5,8.2
GHCND:USC00117457,ROMEOVILLE WEATHER FORECAST OFFICE IL US,20101002,0.05,-9999,-9999,0.19,-9999,-9999,0.40,-9999,-9999,0.22,0.0,31.17,22.1,300,183,57,22,0,0,0,0,0,0,0,0,0,58.1,21.5,68.9,47.4,8.3,6.7,9.6,8.2
GHCND:USC00117457,ROMEOVILLE WEATHER FORECAST OFFICE IL US,20101003,0.05,-9999,-9999,0.19,-9999,-9999,0.39,-9999,-9999,0.33,0.0,31.28,22.1,301,184,56,22,0,0,0,0,0,0,0,0,0,57.7,21.5,68.4,47.0,8.3,6.7,9.6,8.2
GHCND:USC00117457,ROMEOVILLE WEATHER FORECAST OFFICE IL US,20101004,0.05,-9999,-9999,0.18,-9999,-9999,0.39,-9999,-9999,0.44,0.0,31.39,22.1,302,184,56,22,0,0,0,0,0,0,0,0,0,57.3,21.4,68.0,46.6,8.4,6.8,9.7,8.3
GHCND:USC00117457,ROMEOVILLE WEATHER FORECAST OFFICE IL US,20101005,0.05,-9999,-9999,0.18,-9999,-9999,0.38,-9999,-9999,0.55,0.0,31.50,22.1,302,184,55,22,0,0,0,0,0,0,0,0,0,56.9,21.4,67.6,46.2,8.4,6.8,9.8,8.3
GHCND:USC00117457,ROMEOVILLE WEATHER FORECAST OFFICE IL US,20101006,0.05,-9999,-9999,0.18,-9999,-9999,0.38,-9999,-9999,0.65,0.0,31.60,22.1,303,183,54,22,0,0,0,0,0,0,0,0,0,56.5,21.3,67.1,45.8,8.5,6.9,9.8,8.3
GHCND:USC00117457,ROMEOVILLE WEATHER FORECAST OFFICE IL US,20101007,0.05,-9999,-9999,0.17,-9999,-9999,0.37,-9999,-9999,0.75,0.0,31.70,22.1,304,183,54,22,0,0,0,0,0,0,0,0,0,56.1,21.2,66.7,45.5,8.5,6.9,9.9,8.3
GHCND:USC00117457,ROMEOVILLE WEATHER FORECAST OFFICE IL US,20101008,0.05,-9999,-9999,0.17,-9999,-9999,0.37,-9999,-9999,0.85,0.0,31.80,22.1,305,182,53,22,0,0,0,0,0,0,0,0,0,55.7,21.1,66.3,45.2,8.5,6.9,10.0,8.4
GHCND:USC00117457,ROMEOVILLE WEATHER FORECAST OFFICE IL US,20101009,0.04,-9999,-9999,0.16,-9999,-9999,0.36,-9999,-9999,0.96,0.0,31.91,22.1,306,182,52,22,0,0,0,0,0,0,0,0,0,55.3,21.0,65.8,44.8,8.6,7.0,10.0,8.4
GHCND:USC00117457,ROMEOVILLE WEATHER FORECAST OFFICE IL US,20101010,0.04,-9999,-66.6,0.16,-9999,-66.6,0.36,-9999,-66.6,1.08,0.0,32.03,22.1,307,182,52,22,0,0,0,0,-9999,0,0,0,0,55.0,20.9,65.4,44.5,8.6,7.0,10.0,8.4
GHCND:USC00117457,ROMEOVILLE WEATHER FORECAST OFFICE IL US,20101011,0.04,-9999,-66.6,0.15,-9999,-66.6,0.36,-9999,-66.6,1.20,0.0,32.15,22.1,308,181,51,23,0,0,0,0,-9999,0,0,0,0,54.6,20.8,65.0,44.2,8.6,7.0,10.0,8.4
GHCND:USC00117457,ROMEOVILLE WEATHER FORECAST OFFICE IL US,20101012,0.04,-9999,-66.6,0.15,-9999,-66.6,0.35,-9999,-66.6,1.33,0.0,32.28,22.1,310,181,51,23,0,0,0,0,-9999,0,0,0,0,54.2,20.7,64.6,43.9,8.6,7.1,10.1,8.4
GHCND:USC00117457,ROMEOVILLE WEATHER FORECAST OFFICE IL US,20101013,0.04,-9999,-66.6,0.15,-9999,-66.6,0.35,-9999,-66.6,1.45,0.0,32.40,22.1,311,181,51,24,0,0,0,0,-9999,0,0,0,0,53.9,20.5,64.1,43.6,8.6,7.1,10.1,8.4
GHCND:USC00117457,ROMEOVILLE WEATHER FORECAST OFFICE IL US,20101014,0.04,-9999,-66.6,0.14,-9999,-66.6,0.35,-9999,-66.6,1.57,0.0,32.52,22.1,312,182,51,25,0,0,0,0,-9999,0,0,0,0,53.5,20.4,63.7,43.3,8.6,7.1,10.1,8.4
GHCND:USC00117457,ROMEOVILLE WEATHER FORECAST OFFICE IL US,20101015,0.04,-9999,-66.6,0.14,-9999,-66.6,0.34,-9999,-66.6,1.70,0.0,32.65,22.1,313,181,51,25,0,0,0,0,-9999,0,0,0,0,53.2,20.2,63.3,43.1,8.6,7.1,10.1,8.4
GHCND:USC00117457,ROMEOVILLE WEATHER FORECAST OFFICE IL US,20101016,0.04,-9999,-66.6,0.14,-9999,-66.6,0.34,-9999,-66.6,1.82,0.0,32.77,22.1,313,181,51,26,0,0,0,0,-9999,0,0,0,0,52.8,20.1,62.9,42.8,8.6,7.2,10.1,8.4
GHCND:USC00117457,ROMEOVILLE WEATHER FORECAST OFFICE IL US,20101017,0.04,-9999,-66.6,0.14,-9999,-66.6,0.34,-9999,-66.6,1.93,0.0,32.88,22.1,313,180,51,26,0,0,0,0,-9999,0,0,0,0,52.5,19.9,62.5,42.5,8.6,7.2,10.1,8.4
GHCND:USC00117457,ROMEOVILLE WEATHER FORECAST OFFICE IL US,20101018,0.04,-9999,-66.6,0.14,-9999,-66.6,0.33,-9999,-66.6,2.03,0.0,32.98,22.1,313,178,51,27,0,0,0,0,-9999,0,0,0,0,52.2,19.8,62.1,42.3,8.6,7.2,10.1,8.4
GHCND:USC00117457,ROMEOVILLE WEATHER FORECAST OFFICE IL US,20101019,0.04,-9999,-66.6,0.13,-9999,-66.6,0.33,-9999,-66.6,2.14,0.0,33.09,22.1,312,177,51,28,0,0,0,0,-9999,0,0,0,0,51.8,19.6,61.6,42.0,8.6,7.2,10.1,8.4
GHCND:USC00117457,ROMEOVILLE WEATHER FORECAST OFFICE IL US,20101020,0.04,-666,-66.6,0.13,-666,-66.6,0.33,-666,-66.6,2.24,0.0,33.19,22.1,313,176,51,28,-9999,0,0,0,-9999,0,0,0,0,51.5,19.5,61.2,41.8,8.6,7.2,10.1,8.4
GHCND:USC00117457,ROMEOVILLE WEATHER FORECAST OFFICE IL US,20101021,0.04,-666,-66.6,0.13,-666,-66.6,0.33,-666,-66.6,2.35,0.0,33.30,22.1,314,176,52,29,-9999,0,0,0,-9999,0,0,0,0,51.2,19.3,60.8,41.5,8.5,7.2,10.0,8.4
GHCND:USC00117457,ROMEOVILLE WEATHER FORECAST OFFICE IL US,20101022,0.04,-666,-66.6,0.12,-666,-66.6,0.32,-666,-66.6,2.46,0.0,33.41,22.1,316,175,52,30,-9999,0,0,0,-9999,0,0,0,0,50.8,19.1,60.4,41.3,8.5,7.2,10.0,8.4
GHCND:USC00117457,ROMEOVILLE WEATHER FORECAST OFFICE IL US,20101023,0.04,-666,-66.6,0.12,-666,-66.6,0.32,-666,-66.6,2.56,0.0,33.51,22.1,317,175,52,30,-9999,0,0,0,-9999,-9999,0,0,0,50.5,18.9,60.0,41.0,8.5,7.2,10.0,8.3
GHCND:USC00117457,ROMEOVILLE WEATHER FORECAST OFFICE IL US,20101024,0.04,-666,-66.6,0.12,-666,-66.6,0.32,-666,-66.6,2.67,0.0,33.62,22.1,318,174,52,30,-9999,0,0,0,-9999,-9999,0,0,0,50.2,18.8,59.6,40.8,8.4,7.2,10.0,8.3
GHCND:USC00117457,ROMEOVILLE WEATHER FORECAST OFFICE IL US,20101025,0.04,-666,-66.6,0.12,-666,-66.6,0.31,-666,-66.6,2.78,0.0,33.73,22.1,317,172,52,30,-9999,0,0,0,-9999,-9999,0,0,0,49.8,18.6,59.1,40.5,8.4,7.2,9.9,8.3
GHCND:USC00117457,ROMEOVILLE WEATHER FORECAST OFFICE IL US,20101026,0.04,-666,-66.6,0.11,-666,-66.6,0.31,-666,-66.6,2.89,0.0,33.84,22.1,316,170,51,31,-9999,0,0,0,-9999,-9999,0,0,0,49.5,18.4,58.7,40.3,8.4,7.2,9.9,8.2
GHCND:USC00117457,ROMEOVILLE WEATHER FORECAST OFFICE IL US,20101027,0.04,-666,-66.6,0.11,-666,-66.6,0.31,-666,-66.6,3.01,0.0,33.96,22.1,315,168,51,30,-9999,0,0,0,-9999,-9999,0,0,0,49.1,18.2,58.3,40.0,8.4,7.2,9.9,8.2
GHCND:USC00117457,ROMEOVILLE WEATHER FORECAST OFFICE IL US,20101028,0.04,-666,-66.6,0.11,-666,-66.6,0.30,-666,-66.6,3.11,0.0,34.06,22.1,313,165,50,30,-9999,0,0,0,-9999,-9999,0,0,0,48.8,18.1,57.8,39.8,8.4,7.2,9.9,8.2
GHCND:USC00117457,ROMEOVILLE WEATHER FORECAST OFFICE IL US,20101029,0.04,-666,-66.6,0.11,-666,-66.6,0.30,-666,-66.6,3.21,0.0,34.16,22.1,312,163,50,30,-9999,0,0,0,-9999,-9999,0,0,0,48.4,17.9,57.4,39.5,8.4,7.2,9.9,8.2
GHCND:USC00117457,ROMEOVILLE WEATHER FORECAST OFFICE IL US,20101030,0.04,-666,-66.6,0.10,-666,-66.6,0.30,-666,-66.6,3.31,0.0,34.26,22.1,311,161,49,30,-9999,0,0,0,-9999,-9999,0,0,0,48.1,17.7,56.9,39.2,8.4,7.1,9.9,8.3
GHCND:USC00117457,ROMEOVILLE WEATHER FORECAST OFFICE IL US,20101031,0.04,-666,-66.6,0.10,-666,-66.6,0.29,-666,-66.6,3.41,0.0,34.36,22.1,310,159,48,30,-9999,0,0,0,-9999,-9999,0,0,0,47.7,17.6,56.5,38.9,8.5,7.1,10.0,8.3
GHCND:USC00117457,ROMEOVILLE WEATHER FORECAST OFFICE IL US,20101101,0.04,-666,-66.6,0.10,-666,-66.6,0.29,-666,-66.6,0.12,0.0,34.48,22.1,310,158,48,30,5,0,1,0,16,2,0,1,0,47.3,17.4,56.0,38.6,8.5,7.1,10.0,8.3
GHCND:USC00117457,ROMEOVILLE WEATHER FORECAST OFFICE IL US,20101102,0.03,-666,-66.6,0.10,-666,-66.6,0.29,-666,-66.6,0.24,0.0,34.60,22.1,311,158,48,30,6,0,1,0,17,2,0,1,0,46.9,17.3,55.6,38.3,8.5,7.0,10.0,8.3
GHCND:USC00117457,ROMEOVILLE WEATHER FORECAST OFFICE IL US,20101103,0.03,-666,-66.6,0.10,-666,-66.6,0.29,-666,-66.6,0.36,0.0,34.72,22.1,312,157,48,29,7,0,1,0,19,3,0,1,0,46.5,17.1,55.1,38.0,8.5,7.0,10.0,8.3
GHCND:USC00117457,ROMEOVILLE WEATHER FORECAST OFFICE IL US,20101104,0.03,-666,-66.6,0.10,-666,-66.6,0.29,-666,-66.6,0.49,0.0,34.85,22.1,312,157,48,29,8,0,1,0,21,3,0,1,0,46.1,16.9,54.6,37.6,8.6,7.0,10.0,8.4
GHCND:USC00117457,ROMEOVILLE WEATHER FORECAST OFFICE IL US,20101105,0.03,-666,-66.6,0.10,-666,-66.6,0.29,-666,-66.6,0.62,0.0,34.98,22.1,312,157,48,29,10,0,2,0,23,4,0,1,0,45.7,16.8,54.1,37.3,8.6,6.9,10.0,8.4
GHCND:USC00117457,ROMEOVILLE WEATHER FORECAST OFFICE IL US,20101106,0.03,-666,-66.6,0.10,-666,-66.6,0.29,-666,-66.6,0.75,0.0,35.11,22.1,312,156,48,28,12,0,3,0,25,5,0,2,0,45.3,16.7,53.6,36.9,8.6,6.9,10.1,8.4
GHCND:USC00117457,ROMEOVILLE WEATHER FORECAST OFFICE IL US,20101107,0.03,-666,-66.6,0.10,-666,-66.6,0.29,-666,-66.6,0.86,0.0,35.22,22.2,312,156,48,28,14,0,4,0,28,6,0,2,-9999,44.8,16.5,53.1,36.6,8.7,6.8,10.1,8.5
GHCND:USC00117457,ROMEOVILLE WEATHER FORECAST OFFICE IL US,20101108,0.03,-666,-66.6,0.10,-666,-66.6,0.29,-666,-66.6,0.96,0.0,35.32,22.2,313,155,48,27,16,0,5,0,31,7,0,3,-9999,44.4,16.4,52.6,36.2,8.7,6.8,10.1,8.5
GHCND:USC00117457,ROMEOVILLE WEATHER FORECAST OFFICE IL US,20101109,0.03,-666,-66.6,0.10,-666,-66.6,0.29,-666,-66.6,1.06,0.0,35.42,22.2,313,155,48,27,19,0,6,0,33,8,0,3,-9999,43.9,16.3,52.1,35.8,8.8,6.8,10.1,8.6
GHCND:USC00117457,ROMEOVILLE WEATHER FORECAST OFFICE IL US,20101110,0.03,-666,-66.6,0.10,-666,-66.6,0.28,-666,-66.6,1.17,0.1,35.53,22.2,313,155,48,26,23,0,7,0,37,10,0,4,-9999,43.5,16.1,51.6,35.4,8.8,6.7,10.1,8.6
GHCND:USC00117457,ROMEOVILLE WEATHER FORECAST OFFICE IL US,20101111,0.03,-666,-66.6,0.09,-666,-66.6,0.28,-666,-66.6,1.27,0.1,35.63,22.2,314,155,48,25,27,0,9,0,40,11,0,4,-9999,43.0,16.0,51.0,35.0,8.8,6.7,10.2,8.6
GHCND:USC00117457,ROMEOVILLE WEATHER FORECAST OFFICE IL US,20101112,0.03,-666,-66.6,0.10,-666,-66.6,0.28,-666,-66.6,1.37,0.1,35.73,22.2,314,156,48,24,31,0,11,-9999,44,13,0,5,-9999,42.5,15.9,50.5,34.6,8.8,6.7,10.2,8.6
GHCND:USC00117457,ROMEOVILLE WEATHER FORECAST OFFICE IL US,20101113,0.03,-666,-66.6,0.10,-666,-66.6,0.28,-666,-66.6,1.48,0.1,35.84,22.2,315,156,48,24,36,0,14,-9999,47,15,0,5,-9999,42.0,15.8,50.0,34.1,8.9,6.6,10.2,8.7
GHCND:USC00117457,ROMEOVILLE WEATHER FORECAST OFFICE IL US,20101114,0.03,-666,-66.6,0.10,-666,-66.6,0.29,-666,-66.6,1.58,0.1,35.94,22.2,317,157,49,23,42,0,16,-9999,51,17,0,6,-9999,41.5,15.7,49.4,33.7,8.9,6.6,10.2,8.7
GHCND:USC00117457,ROMEOVILLE WEATHER FORECAST OFFICE IL US,20101115,0.03,-666,-66.6,0.10,-666,-66.6,0.29,-666,-66.6,1.69,0.1,36.05,22.2,318,159,49,22,47,-9999,19,-9999,55,19,-9999,6,-9999,41.0,15.6,48.9,33.2,9.0,6.5,10.3,8.8
GHCND:USC00117457,ROMEOVILLE WEATHER FORECAST OFFICE IL US,20101116,0.03,-666,-66.6,0.10,-666,-66.6,0.29,-666,-66.6,1.80,0.1,36.16,22.3,319,160,50,22,53,-9999,21,-9999,59,21,-9999,7,-9999,40.5,15.6,48.3,32.8,9.1,6.5,10.3,8.9
GHCND:USC00117457,ROMEOVILLE WEATHER FORECAST OFFICE IL US,20101117,0.03,-666,-66.6,0.10,-666,-66.6,0.29,-666,-66.6,1.92,0.2,36.28,22.3,320,162,50,21,59,-9999,24,-9999,63,23,-9999,8,-9999,40.0,15.5,47.8,32.3,9.1,6.4,10.3,9.0
GHCND:USC00117457,ROMEOVILLE WEATHER FORECAST OFFICE IL US,20101118,0.03,-666,-66.6,0.10,-666,-66.6,0.29,-666,-66.6,2.03,0.2,36.39,22.3,321,164,51,21,66,-9999,28,-9999,67,25,-9999,9,-9999,39.5,15.4,47.2,31.8,9.2,6.4,10.3,9.1
GHCND:USC00117457,ROMEOVILLE WEATHER FORECAST OFFICE IL US,20101119,0.03,-666,-66.6,0.10,-666,-66.6,0.30,-666,-66.6,2.14,0.2,36.50,22.3,321,165,51,20,72,-9999,31,-9999,72,27,-9999,9,-9999,39.0,15.3,46.7,31.3,9.3,6.4,10.4,9.2
GHCND:USC00117457,ROMEOVILLE WEATHER FORECAST OFFICE IL US,20101120,0.03,-666,-66.6,0.10,-666,-66.6,0.30,-666,-66.6,2.25,0.3,36.61,22.4,321,167,51,19,80,-9999,35,-9999,76,30,-9999,10,-9999,38.5,15.3,46.1,30.8,9.4,6.3,10.4,9.3
GHCND:USC00117457,ROMEOVILLE WEATHER FORECAST OFFICE IL US,20101121,0.03,-666,-66.6,0.11,-666,-66.6,0.30,-666,-66.6,2.36,0.3,36.72,22.4,321,168,51,19,87,-9999,39,-9999,81,32,-9999,11,-9999,37.9,15.2,45.5,30.3,9.4,6.3,10.4,9.4
GHCND:USC00117457,ROMEOVILLE WEATHER FORECAST OFFICE IL US,20101122,0.03,-666,-66.6,0.11,-666,-66.6,0.30,-666,-66.6,2.48,0.4,36.84,22.5,323,170,52,18,96,-9999,44,-9999,87,35,-9999,12,-9999,37.4,15.2,45.0,29.8,9.5,6.3,10.4,9.6
GHCND:USC00117457,ROMEOVILLE WEATHER FORECAST OFFICE IL US,20101123,0.03,-666,-66.6,0.11,-666,-66.6,0.31,-666,-66.6,2.60,0.4,36.96,22.5,325,173,52,17,105,-9999,49,-9999,92,37,-9999,13,-9999,36.9,15.1,44.4,29.3,9.6,6.2,10.5,9.7
GHCND:USC00117457,ROMEOVILLE WEATHER FORECAST OFFICE IL US,20101124,0.03,-666,-66.6,0.11,-666,-66.6,0.31,-666,-66.6,2.71,0.5,37.07,22.6,327,175,53,17,114,-9999,54,-9999,98,40,-9999,14,-9999,36.4,15.1,43.9,28.8,9.7,6.2,10.5,9.8
GHCND:USC00117457,ROMEOVILLE WEATHER FORECAST OFFICE IL US,20101125,0.03,1,0.3,0.11,3,0.8,0.31,4,1.7,2.83,0.5,37.19,22.6,330,178,53,17,123,-9999,59,-9999,104,43,-9999,15,-9999,35.8,15.0,43.3,28.3,9.8,6.2,10.5,9.9
GHCND:USC00117457,ROMEOVILLE WEATHER FORECAST OFFICE IL US,20101126,0.03,1,0.3,0.11,3,0.8,0.31,4,1.7,2.95,0.6,37.31,22.7,333,180,54,16,133,-9999,65,-9999,110,46,-9999,16,-9999,35.3,15.0,42.8,27.8,9.8,6.1,10.5,10.1
GHCND:USC00117457,ROMEOVILLE WEATHER FORECAST OFFICE IL US,20101127,0.03,1,0.3,0.12,3,0.8,0.31,4,1.7,3.08,0.7,37.44,22.8,335,183,54,16,143,-9999,71,-9999,117,49,-9999,16,-9999,34.8,15.0,42.3,27.3,9.9,6.1,10.5,10.2
GHCND:USC00117457,ROMEOVILLE WEATHER FORECAST OFFICE IL US,20101128,0.03,1,0.3,0.12,3,0.8,0.31,4,1.7,3.21,0.7,37.57,22.9,337,185,55,15,153,-9999,77,-9999,124,52,-9999,17,-9999,34.3,14.9,41.7,26.8,10.0,6.1,10.6,10.3
GHCND:USC00117457,ROMEOVILLE WEATHER FORECAST OFFICE IL US,20101129,0.04,1,0.3,0.12,3,0.8,0.31,4,1.7,3.33,0.8,37.69,22.9,339,187,55,15,165,-9999,83,-9999,131,55,-9999,18,-9999,33.8,14.9,41.2,26.3,10.0,6.1,10.6,10.4
GHCND:USC00117457,ROMEOVILLE WEATHER FORECAST OFFICE IL US,20101130,0.04,1,0.3,0.12,3,0.8,0.31,4,1.7,3.46,0.9,37.82,23.0,340,188,55,15,176,-9999,90,-9999,138,58,-9999,19,-9999,33.3,14.9,40.7,25.8,10.1,6.1,10.5,10.5
GHCND:USC00117457,ROMEOVILLE WEATHER FORECAST OFFICE IL US,20101201,0.04,1,0.3,0.12,3,0.8,0.31,4,1.7,0.08,0.2,37.90,23.2,341,188,55,15,188,12,97,32,146,61,2,20,9,32.8,14.9,40.2,25.3,10.1,6.1,10.5,10.6
GHCND:USC00117457,ROMEOVILLE WEATHER FORECAST OFFICE IL US,20101202,0.04,1,0.3,0.12,3,0.8,0.31,4,1.7,0.15,0.4,37.97,23.4,342,189,55,14,200,13,104,36,152,64,2,21,9,32.3,14.8,39.7,24.9,10.2,6.1,10.6,10.7
GHCND:USC00117457,ROMEOVILLE WEATHER FORECAST OFFICE IL US,20101203,0.04,1,0.2,0.12,3,0.7,0.31,4,1.7,0.23,0.6,38.05,23.6,343,189,55,14,212,14,110,39,159,67,2,22,10,31.8,14.8,39.2,24.4,10.3,6.1,10.6,10.8
GHCND:USC00117457,ROMEOVILLE WEATHER FORECAST OFFICE IL US,20101204,0.04,1,0.2,0.12,3,0.7,0.31,4,1.7,0.30,0.8,38.12,23.8,344,190,55,14,224,15,117,43,166,70,2,22,10,31.4,14.8,38.8,24.0,10.3,6.2,10.6,10.9
GHCND:USC00117457,ROMEOVILLE WEATHER FORECAST OFFICE IL US,20101205,0.04,1,0.2,0.12,3,0.7,0.30,4,1.6,0.38,1.0,38.20,24.1,346,191,55,14,235,17,123,46,172,72,2,23,10,30.9,14.8,38.3,23.5,10.4,6.2,10.6,11.1
GHCND:USC00117457,ROMEOVILLE WEATHER FORECAST OFFICE IL US,20101206,0.04,1,0.2,0.12,3,0.7,0.30,4,1.6,0.46,1.3,38.28,24.3,347,191,55,14,246,18,130,50,178,75,2,23,10,30.5,14.8,37.9,23.1,10.4,6.2,10.6,11.1
GHCND:USC00117457,ROMEOVILLE WEATHER FORECAST OFFICE IL US,20101207,0.04,1,0.2,0.12,3,0.7,0.30,4,1.6,0.53,1.5,38.35,24.5,348,191,55,14,256,20,136,55,183,77,3,24,11,30.0,14.8,37.4,22.7,10.5,6.3,10.6,11.2
GHCND:USC00117457,ROMEOVILLE WEATHER FORECAST OFFICE IL US,20101208,0.04,1,0.2,0.12,3,0.7,0.30,4,1.6,0.61,1.8,38.43,24.8,350,192,55,14,267,22,142,59,189,79,3,24,11,29.6,14.8,37.0,22.2,10.5,6.3,10.7,11.3
GHCND:USC00117457,ROMEOVILLE WEATHER FORECAST OFFICE IL US,20101209,0.04,1,0.2,0.11,3,0.7,0.30,4,1.6,0.68,2.0,38.50,25.1,351,192,55,14,277,23,149,63,195,81,3,25,11,29.2,14.8,36.6,21.8,10.6,6.3,10.7,11.4
GHCND:USC00117457,ROMEOVILLE WEATHER FORECAST OFFICE IL US,20101210,0.04,1,0.2,0.11,3,0.7,0.29,4,1.6,0.75,2.3,38.57,25.3,353,192,55,14,286,25,155,68,200,82,3,25,11,28.8,14.7,36.2,21.5,10.7,6.3,10.7,11.5
GHCND:USC00117457,ROMEOVILLE WEATHER FORECAST OFFICE IL US,20101211,0.04,1,0.2,0.11,3,0.7,0.29,5,1.6,0.83,2.6,38.65,25.6,354,192,55,14,295,27,161,72,204,84,3,26,11,28.5,14.7,35.8,21.1,10.7,6.3,10.8,11.6
GHCND:USC00117457,ROMEOVILLE WEATHER FORECAST OFFICE IL US,20101212,0.04,1,0.2,0.11,3,0.7,0.29,5,1.6,0.90,2.9,38.72,25.9,355,191,54,14,304,29,167,77,209,85,3,26,11,28.1,14.7,35.5,20.7,10.8,6.4,10.8,11.7
GHCND:USC00117457,ROMEOVILLE WEATHER FORECAST OFFICE IL US,20101213,0.04,1,0.2,0.11,3,0.7,0.28,5,1.6,0.98,3.2,38.80,26.2,357,191,54,14,312,31,173,81,214,87,3,27,11,27.8,14.7,35.1,20.4,10.8,6.4,10.8,11.8
GHCND:USC00117457,ROMEOVILLE WEATHER FORECAST OFFICE IL US,20101214,0.04,1,0.2,0.11,3,0.6,0.28,5,1.6,1.05,3.5,38.87,26.5,358,190,53,15,321,33,180,86,218,88,3,27,11,27.4,14.7,34.8,20.1,10.9,6.4,10.9,11.9
GHCND:USC00117457,ROMEOVILLE WEATHER FORECAST OFFICE IL US,20101215,0.04,1,0.2,0.11,3,0.6,0.27,5,1.6,1.11,3.8,38.93,26.8,359,190,53,15,329,35,186,91,222,89,3,27,11,27.1,14.7,34.5,19.8,10.9,6.5,10.9,11.9
GHCND:USC00117457,ROMEOVILLE WEATHER FORECAST OFFICE IL US,20101216,0.04,1,0.2,0.10,3,0.6,0.27,5,1.6,1.18,4.1,39.00,27.2,360,189,52,15,338,37,192,96,226,91,3,28,11,26.8,14.7,34.2,19.5,11.0,6.5,10.9,12.0
GHCND:USC00117457,ROMEOVILLE WEATHER FORECAST OFFICE IL US,20101217,0.04,1,0.2,0.10,3,0.6,0.27,6,1.6,1.24,4.5,39.06,27.5,361,188,52,15,346,39,198,101,230,92,3,28,11,26.5,14.7,33.9,19.2,11.0,6.5,10.9,12.1
GHCND:USC00117457,ROMEOVILLE WEATHER FORECAST OFFICE IL US,20101218,0.04,1,0.2,0.10,3,0.6,0.26,6,1.5,1.31,4.8,39.13,27.8,362,187,52,15,354,41,204,107,233,93,3,28,12,26.2,14.7,33.6,18.9,11.1,6.5,11.0,12.1
GHCND:USC00117457,ROMEOVILLE WEATHER FORECAST OFFICE IL US,20101219,0.04,1,0.2,0.10,3,0.6,0.26,6,1.5,1.38,5.1,39.20,28.1,363,186,52,15,361,43,210,112,236,94,3,28,12,26.0,14.7,33.3,18.6,11.1,6.5,11.0,12.2
GHCND:USC00117457,ROMEOVILLE WEATHER FORECAST OFFICE IL US,20101220,0.03,1,0.2,0.10,3,0.6,0.26,6,1.5,1.45,5.4,39.27,28.5,364,185,52,15,368,45,216,117,239,94,3,28,12,25.7,14.7,33.1,18.4,11.2,6.5,11.1,12.2
GHCND:USC00117457,ROMEOVILLE WEATHER FORECAST OFFICE IL US,20101221,0.03,1,0.2,0.09,3,0.6,0.26,6,1.5,1.52,5.8,39.34,28.8,364,184,51,15,375,47,222,122,241,95,3,28,11,25.5,14.7,32.8,18.2,11.2,6.5,11.1,12.3
GHCND:USC00117457,ROMEOVILLE WEATHER FORECAST OFFICE IL US,20101222,0.03,1,0.2,0.09,3,0.6,0.25,6,1.6,1.60,6.1,39.42,29.1,364,183,51,16,382,49,227,127,243,95,3,29,11,25.3,14.6,32.6,18.0,11.3,6.5,11.2,12.4
GHCND:USC00117457,ROMEOVILLE WEATHER FORECAST OFFICE IL US,20101223,0.03,2,0.2,0.09,3,0.5,0.25,6,1.6,1.67,6.5,39.49,29.5,363,181,51,16,388,50,232,132,245,96,3,29,12,25.1,14.6,32.4,17.8,11.3,6.6,11.2,12.4
GHCND:USC00117457,ROMEOVILLE WEATHER FORECAST OFFICE IL US,20101224,0.03,2,0.2,0.09,3,0.5,0.25,7,1.6,1.74,6.8,39.56,29.8,362,180,50,16,395,52,237,137,246,97,3,29,12,24.9,14.6,32.2,17.6,11.4,6.6,11.2,12.5
GHCND:USC00117457,ROMEOVILLE WEATHER FORECAST OFFICE IL US,20101225,0.03,2,0.2,0.09,3,0.5,0.25,7,1.6,1.81,7.2,39.63,30.2,362,179,50,16,402,53,243,141,247,97,3,29,12,24.7,14.6,32.0,17.4,11.4,6.6,11.3,12.5
GHCND:USC00117457,ROMEOVILLE WEATHER FORECAST OFFICE IL US,20101226,0.03,2,0.2,0.09,3,0.5,0.25,7,1.6,1.88,7.5,39.70,30.6,361,178,50,16,408,54,248,145,248,98,3,30,12,24.5,14.6,31.8,17.2,11.5,6.6,11.3,12.6
GHCND:USC00117457,ROMEOVILLE WEATHER FORECAST OFFICE IL US,20101227,0.03,2,0.2,0.09,3,0.5,0.24,7,1.6,1.96,7.9,39.78,30.9,360,177,50,17,414,55,254,149,247,99,3,30,12,24.4,14.6,31.7,17.1,11.5,6.6,11.3,12.7
GHCND:USC00117457,ROMEOVILLE WEATHER FORECAST OFFICE IL US,20101228,0.03,2,0.2,0.09,3,0.5,0.24,7,1.6,2.03,8.2,39.85,31.3,359,176,49,17,420,56,259,153,247,99,3,30,12,24.2,14.6,31.5,16.9,11.5,6.6,11.3,12.7
GHCND:USC00117457,ROMEOVILLE WEATHER FORECAST OFFICE IL US,20101229,0.03,2,0.2,0.09,3,0.6,0.24,7,1.7,2.10,8.6,39.92,31.6,358,175,49,17,426,58,264,156,246,100,3,30,12,24.1,14.6,31.4,16.8,11.6,6.6,11.3,12.7
GHCND:USC00117457,ROMEOVILLE WEATHER FORECAST OFFICE IL US,20101230,0.03,2,0.2,0.09,3,0.6,0.24,7,1.7,2.17,8.9,39.99,32.0,357,175,49,17,432,59,270,160,245,100,3,30,12,23.9,14.6,31.2,16.6,11.6,6.6,11.3,12.7
GHCND:USC00117457,ROMEOVILLE WEATHER FORECAST OFFICE IL US,20101231,0.03,2,0.2,0.09,3,0.6,0.24,7,1.7,2.25,9.3,40.07,32.3,356,174,50,17,438,59,275,163,244,101,3,30,12,23.8,14.6,31.1,16.5,11.6,6.6,11.3,12.7
